0;0;0;0;x;x;
1;32;80;192;SK_0001;x;
2;48;144;16;SK_0002;x;
3;16;224;128;SK_0003;x;
4;96;32;176;SK_0004;x;
5;48;16;64;SK_0005;x;
6;240;0;224;SK_0006;x;
7;112;112;144;SK_0007;x;
8;224;112;64;SK_0008;x;
9;48;80;176;SK_0009;x;
10;208;80;176;SK_0010;x;
11;144;160;176;SK_0011;x;
12;192;208;208;SK_0012;x;
13;208;240;144;SK_0013;x;
14;176;176;32;SK_0014;x;
15;144;192;96;SK_0015;x;
16;240;176;240;SK_0016;x;
17;192;144;32;SK_0017;x;
18;16;160;0;SK_0018;x;
19;0;16;192;SK_0019;x;
20;224;160;160;SK_0020;x;
21;96;0;240;SK_0021;x;
22;160;208;112;SK_0022;x;
23;160;48;160;SK_0023;x;
24;128;144;208;SK_0024;x;
25;128;48;144;SK_0025;x;
26;0;48;0;SK_0026;x;
27;32;208;144;SK_0027;x;
28;80;32;16;SK_0028;x;
29;16;64;208;SK_0029;x;
30;208;224;128;SK_0030;x;
31;128;208;16;SK_0031;x;
32;64;96;96;SK_0032;x;
33;144;32;32;SK_0033;x;
34;0;224;224;SK_0034;x;
35;112;192;112;SK_0035;x;
36;112;208;80;SK_0036;x;
37;240;144;208;SK_0037;x;
38;224;160;224;SK_0038;x;
39;208;112;176;SK_0039;x;
40;192;128;144;SK_0040;x;
41;128;192;64;SK_0041;x;
42;144;96;224;SK_0042;x;
43;192;240;48;SK_0043;x;
44;144;48;48;SK_0044;x;
45;80;160;240;SK_0045;x;
46;32;32;0;SK_0046;x;
47;16;176;128;SK_0047;x;
48;32;32;240;SK_0048;x;
49;32;0;64;SK_0049;x;
50;176;224;144;SK_0050;x;
51;0;192;192;SK_0051;x;
52;0;144;176;SK_0052;x;
53;32;144;144;SK_0053;x;
54;48;32;144;SK_0054;x;
55;112;208;48;SK_0055;x;
56;0;160;64;SK_0056;x;
57;208;112;208;SK_0057;x;
58;176;112;0;SK_0058;x;
59;160;224;112;SK_0059;x;
60;192;112;224;SK_0060;x;
61;16;240;32;SK_0061;x;
62;128;208;48;SK_0062;x;
63;160;80;128;SK_0063;x;
64;224;160;144;SK_0064;x;
65;192;96;0;SK_0065;x;
66;112;112;64;SK_0066;x;
67;224;32;64;SK_0067;x;
68;80;144;48;SK_0068;x;
69;96;208;32;SK_0069;x;
70;80;112;96;SK_0070;x;
71;240;32;48;SK_0071;x;
72;0;192;176;SK_0072;x;
73;224;160;128;SK_0073;x;
74;144;144;224;SK_0074;x;
75;80;160;96;SK_0075;x;
76;176;208;208;SK_0076;x;
77;112;128;240;SK_0077;x;
78;16;128;0;SK_0078;x;
79;32;192;16;SK_0079;x;
80;80;96;0;SK_0080;x;
81;208;176;208;SK_0081;x;
82;144;176;144;SK_0082;x;
83;224;96;64;SK_0083;x;
84;224;240;224;SK_0084;x;
85;96;64;112;SK_0085;x;
86;208;16;128;SK_0086;x;
87;192;32;48;SK_0087;x;
88;176;112;144;SK_0088;x;
89;176;144;208;SK_0089;x;
90;208;240;208;SK_0090;x;
91;48;16;240;SK_0091;x;
92;0;0;160;SK_0092;x;
93;64;160;80;SK_0093;x;
94;96;208;176;SK_0094;x;
95;64;48;96;SK_0095;x;
96;224;176;224;SK_0096;x;
97;80;16;80;SK_0097;x;
98;192;80;96;SK_0098;x;
99;192;240;224;SK_0099;x;
100;224;112;144;SK_0100;x;
101;16;160;96;SK_0101;x;
102;128;128;176;SK_0102;x;
103;64;144;128;SK_0103;x;
104;32;208;48;SK_0104;x;
105;176;96;96;SK_0105;x;
106;192;16;144;SK_0106;x;
107;112;64;80;SK_0107;x;
108;96;80;208;SK_0108;x;
109;176;112;48;SK_0109;x;
110;192;208;48;SK_0110;x;
111;16;16;16;SK_0111;x;
112;240;96;48;SK_0112;x;
113;160;176;192;SK_0113;x;
114;112;144;144;SK_0114;x;
115;192;48;64;SK_0115;x;
116;32;192;192;SK_0116;x;
117;160;176;64;SK_0117;x;
118;128;176;0;SK_0118;x;
119;208;32;176;SK_0119;x;
120;32;144;192;SK_0120;x;
121;16;176;208;SK_0121;x;
122;160;16;240;SK_0122;x;
123;128;48;240;SK_0123;x;
124;208;32;64;SK_0124;x;
125;64;96;160;SK_0125;x;
126;192;176;176;SK_0126;x;
127;16;0;112;SK_0127;x;
128;16;176;48;SK_0128;x;
129;96;144;48;SK_0129;x;
130;112;16;32;SK_0130;x;
131;112;112;0;SK_0131;x;
132;32;32;144;SK_0132;x;
133;0;160;32;SK_0133;x;
134;80;48;240;SK_0134;x;
135;16;48;160;SK_0135;x;
136;112;112;224;SK_0136;x;
137;96;96;96;SK_0137;x;
138;224;64;16;SK_0138;x;
139;0;112;32;SK_0139;x;
140;176;128;176;SK_0140;x;
141;0;16;224;SK_0141;x;
142;0;144;16;SK_0142;x;
143;80;128;128;SK_0143;x;
144;160;208;224;SK_0144;x;
145;128;0;80;SK_0145;x;
146;176;64;16;SK_0146;x;
147;192;224;48;SK_0147;x;
148;144;208;64;SK_0148;x;
149;64;48;192;SK_0149;x;
150;32;80;176;SK_0150;x;
151;32;16;224;SK_0151;x;
152;80;192;192;SK_0152;x;
153;16;128;96;SK_0153;x;
154;112;32;0;SK_0154;x;
155;80;64;0;SK_0155;x;
156;144;176;16;SK_0156;x;
157;0;112;160;SK_0157;x;
158;240;144;112;SK_0158;x;
159;208;16;144;SK_0159;x;
160;160;144;64;SK_0160;x;
161;128;16;80;SK_0161;x;
162;224;48;0;SK_0162;x;
163;240;96;128;SK_0163;x;
164;0;96;176;SK_0164;x;
165;32;208;64;SK_0165;x;
166;32;64;128;SK_0166;x;
167;48;160;48;SK_0167;x;
168;16;192;32;SK_0168;x;
169;80;32;0;SK_0169;x;
170;208;96;208;SK_0170;x;
171;96;96;192;SK_0171;x;
172;192;208;160;SK_0172;x;
173;128;16;144;SK_0173;x;
174;224;208;176;SK_0174;x;
175;0;32;16;SK_0175;x;
176;192;160;224;SK_0176;x;
177;224;176;16;SK_0177;x;
178;16;16;192;SK_0178;x;
179;160;160;176;SK_0179;x;
180;48;80;0;SK_0180;x;
181;112;16;144;SK_0181;x;
182;208;240;160;SK_0182;x;
183;128;240;192;SK_0183;x;
184;16;176;176;SK_0184;x;
185;224;144;64;SK_0185;x;
186;208;160;144;SK_0186;x;
187;128;128;48;SK_0187;x;
188;192;160;64;SK_0188;x;
189;176;32;0;SK_0189;x;
190;160;192;0;SK_0190;x;
191;176;192;176;SK_0191;x;
192;160;80;112;SK_0192;x;
193;16;208;80;SK_0193;x;
194;112;96;80;SK_0194;x;
195;128;80;192;SK_0195;x;
196;64;192;48;SK_0196;x;
197;112;64;32;SK_0197;x;
198;112;32;240;SK_0198;x;
199;112;160;160;SK_0199;x;
200;16;32;160;SK_0200;x;
201;64;112;16;SK_0201;x;
202;192;48;112;SK_0202;x;
203;96;240;176;SK_0203;x;
204;160;48;48;SK_0204;x;
205;128;96;0;SK_0205;x;
206;208;208;160;SK_0206;x;
207;240;176;96;SK_0207;x;
208;192;208;128;SK_0208;x;
209;0;32;224;SK_0209;x;
210;144;80;144;SK_0210;x;
211;112;176;112;SK_0211;x;
212;0;224;64;SK_0212;x;
213;0;208;80;SK_0213;x;
214;224;0;48;SK_0214;x;
215;48;160;96;SK_0215;x;
216;192;64;160;SK_0216;x;
217;176;192;48;SK_0217;x;
218;64;240;112;SK_0218;x;
219;32;128;64;SK_0219;x;
220;160;80;224;SK_0220;x;
221;32;144;48;SK_0221;x;
222;208;128;144;SK_0222;x;
223;80;128;240;SK_0223;x;
224;64;64;240;SK_0224;x;
225;208;208;48;SK_0225;x;
226;16;144;80;SK_0226;x;
227;160;80;0;SK_0227;x;
228;48;224;16;SK_0228;x;
229;240;16;48;SK_0229;x;
230;64;144;16;SK_0230;x;
231;96;224;48;SK_0231;x;
232;208;160;128;SK_0232;x;
233;48;48;192;SK_0233;x;
234;32;80;32;SK_0234;x;
235;208;208;208;SK_0235;x;
236;48;80;112;SK_0236;x;
237;80;176;16;SK_0237;x;
238;128;144;48;SK_0238;x;
239;16;144;32;SK_0239;x;
240;96;96;160;SK_0240;x;
241;160;16;176;SK_0241;x;
242;144;96;192;SK_0242;x;
243;48;224;208;SK_0243;x;
244;64;192;32;SK_0244;x;
245;64;112;80;SK_0245;x;
246;240;48;96;SK_0246;x;
247;192;0;192;SK_0247;x;
248;192;176;64;SK_0248;x;
249;48;112;144;SK_0249;x;
250;128;80;208;SK_0250;x;
251;80;224;80;SK_0251;x;
252;32;192;240;SK_0252;x;
253;80;144;16;SK_0253;x;
254;224;240;32;SK_0254;x;
255;80;112;80;SK_0255;x;
256;192;64;64;SK_0256;x;
257;48;176;240;SK_0257;x;
258;160;144;144;SK_0258;x;
259;160;96;176;SK_0259;x;
260;16;32;144;SK_0260;x;
261;192;0;0;SK_0261;x;
262;96;128;176;SK_0262;x;
263;128;48;128;SK_0263;x;
264;32;176;32;SK_0264;x;
265;160;192;160;SK_0265;x;
266;128;192;16;SK_0266;x;
267;144;208;96;SK_0267;x;
268;224;96;240;SK_0268;x;
269;0;16;208;SK_0269;x;
270;48;32;128;SK_0270;x;
271;16;176;0;SK_0271;x;
272;128;64;80;SK_0272;x;
273;176;192;144;SK_0273;x;
274;48;112;32;SK_0274;x;
275;192;176;192;SK_0275;x;
276;128;112;0;SK_0276;x;
277;176;160;144;SK_0277;x;
278;64;208;144;SK_0278;x;
279;144;208;48;SK_0279;x;
280;32;64;144;SK_0280;x;
281;176;224;160;SK_0281;x;
282;208;240;192;SK_0282;x;
283;192;176;16;SK_0283;x;
284;160;224;32;SK_0284;x;
285;80;48;96;SK_0285;x;
286;208;224;224;SK_0286;x;
287;0;144;80;SK_0287;x;
288;80;48;128;SK_0288;x;
289;0;112;16;SK_0289;x;
290;208;128;224;SK_0290;x;
291;0;112;128;SK_0291;x;
292;240;144;240;SK_0292;x;
293;208;176;128;SK_0293;x;
294;80;144;208;SK_0294;x;
295;48;224;240;SK_0295;x;
296;0;112;192;SK_0296;x;
297;240;208;176;SK_0297;x;
298;16;80;208;SK_0298;x;
299;48;0;96;SK_0299;x;
300;176;160;240;SK_0300;x;
301;48;16;160;SK_0301;x;
302;0;144;64;SK_0302;x;
303;128;96;208;SK_0303;x;
304;32;240;0;SK_0304;x;
305;0;144;160;SK_0305;x;
306;224;208;240;SK_0306;x;
307;48;192;176;SK_0307;x;
308;48;32;96;SK_0308;x;
309;32;80;48;SK_0309;x;
310;144;224;176;SK_0310;x;
311;240;144;176;SK_0311;x;
312;240;0;144;SK_0312;x;
313;16;80;224;SK_0313;x;
314;176;176;128;SK_0314;x;
315;96;16;16;SK_0315;x;
316;16;16;144;SK_0316;x;
317;240;48;16;SK_0317;x;
318;144;192;48;SK_0318;x;
319;224;64;224;SK_0319;x;
320;176;32;64;SK_0320;x;
321;192;0;128;SK_0321;x;
322;48;176;128;SK_0322;x;
323;112;144;80;SK_0323;x;
324;240;208;192;SK_0324;x;
325;64;112;224;SK_0325;x;
326;96;32;128;SK_0326;x;
327;176;176;96;SK_0327;x;
328;224;128;176;SK_0328;x;
329;224;192;208;SK_0329;x;
330;128;128;192;SK_0330;x;
331;96;64;160;SK_0331;x;
332;16;96;160;SK_0332;x;
333;48;176;224;SK_0333;x;
334;80;128;224;SK_0334;x;
335;0;96;32;SK_0335;x;
336;144;192;240;SK_0336;x;
337;16;192;240;SK_0337;x;
338;48;160;160;SK_0338;x;
339;0;128;32;SK_0339;x;
340;16;160;176;SK_0340;x;
341;16;112;240;SK_0341;x;
342;224;176;128;SK_0342;x;
343;0;224;192;SK_0343;x;
344;160;224;240;SK_0344;x;
345;96;208;48;SK_0345;x;
346;112;144;32;SK_0346;x;
347;208;144;32;SK_0347;x;
348;16;32;0;SK_0348;x;
349;240;192;0;SK_0349;x;
350;160;192;96;SK_0350;x;
351;96;16;0;SK_0351;x;
352;16;240;160;SK_0352;x;
353;96;240;80;SK_0353;x;
354;96;128;16;SK_0354;x;
355;128;128;144;SK_0355;x;
356;192;224;16;SK_0356;x;
357;208;240;240;SK_0357;x;
358;144;176;224;SK_0358;x;
359;0;240;192;SK_0359;x;
360;208;144;16;SK_0360;x;
361;208;96;128;SK_0361;x;
362;240;160;16;SK_0362;x;
363;208;160;96;SK_0363;x;
364;96;224;224;SK_0364;x;
365;64;0;112;SK_0365;x;
366;48;64;112;SK_0366;x;
367;160;112;96;SK_0367;x;
368;96;176;32;SK_0368;x;
369;176;208;144;SK_0369;x;
370;144;144;0;SK_0370;x;
371;128;64;48;SK_0371;x;
372;224;16;208;SK_0372;x;
373;32;112;192;SK_0373;x;
374;112;64;160;SK_0374;x;
375;160;176;112;SK_0375;x;
376;112;240;16;SK_0376;x;
377;240;128;160;SK_0377;x;
378;112;224;48;SK_0378;x;
379;176;240;16;SK_0379;x;
380;176;64;48;SK_0380;x;
381;224;240;176;SK_0381;x;
382;16;16;32;SK_0382;x;
383;112;224;160;SK_0383;x;
384;144;144;128;SK_0384;x;
385;240;0;80;SK_0385;x;
386;176;48;144;SK_0386;x;
387;16;192;192;SK_0387;x;
388;48;160;80;SK_0388;x;
389;80;128;160;SK_0389;x;
390;240;48;48;SK_0390;x;
391;48;48;32;SK_0391;x;
392;192;48;160;SK_0392;x;
393;32;96;0;SK_0393;x;
394;176;240;224;SK_0394;x;
395;48;0;208;SK_0395;x;
396;160;144;224;SK_0396;x;
397;96;192;48;SK_0397;x;
398;64;128;48;SK_0398;x;
399;224;16;96;SK_0399;x;
400;0;176;192;SK_0400;x;
401;80;112;64;SK_0401;x;
402;192;128;16;SK_0402;x;
403;144;208;0;SK_0403;x;
404;112;240;0;SK_0404;x;
405;192;192;0;SK_0405;x;
406;32;224;0;SK_0406;x;
407;160;96;48;SK_0407;x;
408;192;80;32;SK_0408;x;
409;48;80;16;SK_0409;x;
410;16;112;64;SK_0410;x;
411;16;48;112;SK_0411;x;
412;80;128;208;SK_0412;x;
413;208;48;64;SK_0413;x;
414;144;96;32;SK_0414;x;
415;144;0;96;SK_0415;x;
416;160;192;32;SK_0416;x;
417;208;32;16;SK_0417;x;
418;176;160;192;SK_0418;x;
419;224;192;0;SK_0419;x;
420;176;208;112;SK_0420;x;
421;0;208;176;SK_0421;x;
422;32;96;144;SK_0422;x;
423;176;96;176;SK_0423;x;
424;224;80;0;SK_0424;x;
425;224;144;208;SK_0425;x;
426;128;160;144;SK_0426;x;
427;96;64;176;SK_0427;x;
428;208;16;208;SK_0428;x;
429;0;224;16;SK_0429;x;
430;48;160;176;SK_0430;x;
431;64;48;112;SK_0431;x;
432;0;192;80;SK_0432;x;
433;80;32;64;SK_0433;x;
434;160;32;176;SK_0434;x;
435;240;224;224;SK_0435;x;
436;144;0;160;SK_0436;x;
437;128;176;144;SK_0437;x;
438;192;240;64;SK_0438;x;
439;96;80;240;SK_0439;x;
440;16;240;208;SK_0440;x;
441;208;16;16;SK_0441;x;
442;176;160;128;SK_0442;x;
443;192;96;208;SK_0443;x;
444;208;16;96;SK_0444;x;
445;192;96;160;SK_0445;x;
446;208;80;48;SK_0446;x;
447;96;96;224;SK_0447;x;
448;160;32;96;SK_0448;x;
449;64;16;128;SK_0449;x;
450;160;144;32;SK_0450;x;
451;192;16;96;SK_0451;x;
452;224;80;144;SK_0452;x;
453;64;48;64;SK_0453;x;
454;160;240;16;SK_0454;x;
455;192;240;240;SK_0455;x;
456;208;48;32;SK_0456;x;
457;160;208;176;SK_0457;x;
458;64;112;96;SK_0458;x;
459;176;0;176;SK_0459;x;
460;64;160;240;SK_0460;x;
461;240;0;176;SK_0461;x;
462;112;208;208;SK_0462;x;
463;80;224;112;SK_0463;x;
464;176;192;16;SK_0464;x;
465;112;224;64;SK_0465;x;
466;112;240;32;SK_0466;x;
467;64;160;208;SK_0467;x;
468;16;144;240;SK_0468;x;
469;192;32;64;SK_0469;x;
470;48;48;112;SK_0470;x;
471;64;176;16;SK_0471;x;
472;96;160;176;SK_0472;x;
473;176;16;32;SK_0473;x;
474;192;112;160;SK_0474;x;
475;128;16;0;SK_0475;x;
476;176;48;240;SK_0476;x;
477;128;112;96;SK_0477;x;
478;80;96;64;SK_0478;x;
479;240;176;112;SK_0479;x;
480;160;48;176;SK_0480;x;
481;208;144;96;SK_0481;x;
482;128;208;32;SK_0482;x;
483;96;176;112;SK_0483;x;
484;0;16;32;SK_0484;x;
485;240;224;176;SK_0485;x;
486;64;32;0;SK_0486;x;
487;0;208;48;SK_0487;x;
488;0;48;16;SK_0488;x;
489;240;48;224;SK_0489;x;
490;208;96;224;SK_0490;x;
491;16;128;192;SK_0491;x;
492;0;112;112;SK_0492;x;
493;192;112;16;SK_0493;x;
494;112;192;80;SK_0494;x;
495;240;224;112;SK_0495;x;
496;224;176;32;SK_0496;x;
497;160;112;64;SK_0497;x;
498;64;96;144;SK_0498;x;
499;16;160;80;SK_0499;x;
500;48;240;128;SK_0500;x;
501;16;224;48;SK_0501;x;
502;240;192;32;SK_0502;x;
503;32;208;16;SK_0503;x;
504;112;144;112;SK_0504;x;
505;192;96;240;SK_0505;x;
506;128;128;160;SK_0506;x;
507;192;80;16;SK_0507;x;
508;176;128;80;SK_0508;x;
509;128;32;48;SK_0509;x;
510;160;224;80;SK_0510;x;
511;64;176;240;SK_0511;x;
512;0;192;32;SK_0512;x;
513;144;96;208;SK_0513;x;
514;192;96;176;SK_0514;x;
515;64;96;176;SK_0515;x;
516;80;128;64;SK_0516;x;
517;112;16;96;SK_0517;x;
518;80;208;48;SK_0518;x;
519;208;128;128;SK_0519;x;
520;48;96;16;SK_0520;x;
521;96;96;16;SK_0521;x;
522;224;144;224;SK_0522;x;
523;144;0;128;SK_0523;x;
524;192;224;112;SK_0524;x;
525;208;192;192;SK_0525;x;
526;192;96;128;SK_0526;x;
527;240;128;112;SK_0527;x;
528;208;96;176;SK_0528;x;
529;16;16;176;SK_0529;x;
530;160;128;192;SK_0530;x;
531;96;192;80;SK_0531;x;
532;112;64;240;SK_0532;x;
533;240;96;64;SK_0533;x;
534;64;208;240;SK_0534;x;
535;176;240;112;SK_0535;x;
536;96;224;176;SK_0536;x;
537;112;64;112;SK_0537;x;
538;128;144;16;SK_0538;x;
539;64;96;240;SK_0539;x;
540;160;96;96;SK_0540;x;
541;208;48;96;SK_0541;x;
542;48;224;48;SK_0542;x;
543;48;64;224;SK_0543;x;
544;208;112;112;SK_0544;x;
545;176;16;224;SK_0545;x;
546;80;208;0;SK_0546;x;
547;80;16;192;SK_0547;x;
548;144;64;192;SK_0548;x;
549;176;176;192;SK_0549;x;
550;16;32;96;SK_0550;x;
551;176;16;16;SK_0551;x;
552;144;16;144;SK_0552;x;
553;224;192;128;SK_0553;x;
554;144;0;16;SK_0554;x;
555;144;48;240;SK_0555;x;
556;0;32;208;SK_0556;x;
557;208;224;160;SK_0557;x;
558;96;144;112;SK_0558;x;
559;112;112;96;SK_0559;x;
560;144;64;208;SK_0560;x;
561;240;64;64;SK_0561;x;
562;96;128;208;SK_0562;x;
563;224;128;128;SK_0563;x;
564;32;240;160;SK_0564;x;
565;32;144;240;SK_0565;x;
566;176;80;96;SK_0566;x;
567;80;192;176;SK_0567;x;
568;176;64;160;SK_0568;x;
569;96;192;144;SK_0569;x;
570;224;176;48;SK_0570;x;
571;0;16;80;SK_0571;x;
572;0;224;176;SK_0572;x;
573;160;80;64;SK_0573;x;
574;208;192;32;SK_0574;x;
575;112;160;224;SK_0575;x;
576;80;96;80;SK_0576;x;
577;176;16;48;SK_0577;x;
578;96;112;160;SK_0578;x;
579;0;208;144;SK_0579;x;
580;208;0;0;SK_0580;x;
581;224;48;64;SK_0581;x;
582;240;96;96;SK_0582;x;
583;192;224;192;SK_0583;x;
584;48;192;144;SK_0584;x;
585;64;128;240;SK_0585;x;
586;0;176;0;SK_0586;x;
587;240;160;144;SK_0587;x;
588;240;48;160;SK_0588;x;
589;208;96;240;SK_0589;x;
590;176;128;112;SK_0590;x;
591;112;160;112;SK_0591;x;
592;240;0;64;SK_0592;x;
593;112;48;64;SK_0593;x;
594;48;16;96;SK_0594;x;
595;16;64;64;SK_0595;x;
596;48;112;96;SK_0596;x;
597;176;112;64;SK_0597;x;
598;32;176;0;SK_0598;x;
599;96;80;64;SK_0599;x;
600;64;128;32;SK_0600;x;
601;80;240;144;SK_0601;x;
602;240;128;48;SK_0602;x;
603;32;64;48;SK_0603;x;
604;0;160;160;SK_0604;x;
605;48;240;176;SK_0605;x;
606;144;240;112;SK_0606;x;
607;192;160;96;SK_0607;x;
608;240;112;32;SK_0608;x;
609;64;48;160;SK_0609;x;
610;80;32;96;SK_0610;x;
611;176;112;80;SK_0611;x;
612;0;224;240;SK_0612;x;
613;144;0;224;SK_0613;x;
614;144;80;16;SK_0614;x;
615;48;192;48;SK_0615;x;
616;80;80;176;SK_0616;x;
617;64;80;16;SK_0617;x;
618;16;0;192;SK_0618;x;
619;16;48;192;SK_0619;x;
620;112;128;0;SK_0620;x;
621;176;128;48;SK_0621;x;
622;112;80;64;SK_0622;x;
623;208;128;112;SK_0623;x;
624;0;32;32;SK_0624;x;
625;112;128;144;SK_0625;x;
626;64;112;0;SK_0626;x;
627;16;112;96;SK_0627;x;
628;32;48;240;SK_0628;x;
629;64;16;208;SK_0629;x;
630;48;128;128;SK_0630;x;
631;160;16;80;SK_0631;x;
632;80;208;16;SK_0632;x;
633;80;112;192;SK_0633;x;
634;192;192;144;SK_0634;x;
635;144;208;160;SK_0635;x;
636;144;192;112;SK_0636;x;
637;48;0;144;SK_0637;x;
638;112;224;176;SK_0638;x;
639;240;48;240;SK_0639;x;
640;224;48;32;SK_0640;x;
641;0;192;240;SK_0641;x;
642;32;112;128;SK_0642;x;
643;0;96;80;SK_0643;x;
644;192;48;128;SK_0644;x;
645;160;96;64;SK_0645;x;
646;176;16;128;SK_0646;x;
647;16;176;64;SK_0647;x;
648;48;16;128;SK_0648;x;
649;112;16;240;SK_0649;x;
650;16;144;192;SK_0650;x;
651;112;0;48;SK_0651;x;
652;0;32;96;SK_0652;x;
653;80;16;48;SK_0653;x;
654;0;240;224;SK_0654;x;
655;64;80;144;SK_0655;x;
656;32;128;192;SK_0656;x;
657;176;96;224;SK_0657;x;
658;128;192;112;SK_0658;x;
659;0;144;240;SK_0659;x;
660;80;208;176;SK_0660;x;
661;96;240;0;SK_0661;x;
662;16;240;112;SK_0662;x;
663;224;16;144;SK_0663;x;
664;224;160;16;SK_0664;x;
665;64;208;32;SK_0665;x;
666;240;112;144;SK_0666;x;
667;160;0;80;SK_0667;x;
668;96;128;32;SK_0668;x;
669;240;80;80;SK_0669;x;
670;80;112;144;SK_0670;x;
671;80;16;224;SK_0671;x;
672;112;0;128;SK_0672;x;
673;0;144;224;SK_0673;x;
674;224;208;80;SK_0674;x;
675;16;16;208;SK_0675;x;
676;176;48;112;SK_0676;x;
677;192;112;144;SK_0677;x;
678;224;208;96;SK_0678;x;
679;128;96;112;SK_0679;x;
680;16;80;192;SK_0680;x;
681;160;0;96;SK_0681;x;
682;112;192;144;SK_0682;x;
683;96;64;0;SK_0683;x;
684;240;0;48;SK_0684;x;
685;224;208;224;SK_0685;x;
686;80;80;208;SK_0686;x;
687;160;240;144;SK_0687;x;
688;80;176;208;SK_0688;x;
689;0;144;144;SK_0689;x;
690;48;0;0;SK_0690;x;
691;240;192;240;SK_0691;x;
692;160;80;192;SK_0692;x;
693;128;0;112;SK_0693;x;
694;80;176;32;SK_0694;x;
695;96;176;0;SK_0695;x;
696;208;80;160;SK_0696;x;
697;32;176;176;SK_0697;x;
698;0;64;112;SK_0698;x;
699;48;64;128;SK_0699;x;
700;48;192;128;SK_0700;x;
701;176;240;0;SK_0701;x;
702;0;80;160;SK_0702;x;
703;208;32;144;SK_0703;x;
704;224;224;96;SK_0704;x;
705;112;192;176;SK_0705;x;
706;144;112;0;SK_0706;x;
707;80;208;32;SK_0707;x;
708;32;208;32;SK_0708;x;
709;64;96;224;SK_0709;x;
710;240;80;32;SK_0710;x;
711;112;192;32;SK_0711;x;
712;144;64;16;SK_0712;x;
713;224;96;96;SK_0713;x;
714;176;48;208;SK_0714;x;
715;160;160;80;SK_0715;x;
716;80;128;144;SK_0716;x;
717;112;128;176;SK_0717;x;
718;240;192;128;SK_0718;x;
719;160;128;160;SK_0719;x;
720;112;112;208;SK_0720;x;
721;208;128;80;SK_0721;x;
722;128;80;112;SK_0722;x;
723;208;80;224;SK_0723;x;
724;160;64;176;SK_0724;x;
725;144;144;112;SK_0725;x;
726;208;64;192;SK_0726;x;
727;208;64;208;SK_0727;x;
728;0;160;144;SK_0728;x;
729;208;160;208;SK_0729;x;
730;32;16;64;SK_0730;x;
731;80;192;96;SK_0731;x;
732;208;0;96;SK_0732;x;
733;16;96;80;SK_0733;x;
734;208;112;96;SK_0734;x;
735;32;192;80;SK_0735;x;
736;176;16;176;SK_0736;x;
737;64;0;240;SK_0737;x;
738;128;240;80;SK_0738;x;
739;160;64;0;SK_0739;x;
740;16;32;208;SK_0740;x;
741;32;16;192;SK_0741;x;
742;32;16;176;SK_0742;x;
743;208;80;80;SK_0743;x;
744;224;32;224;SK_0744;x;
745;48;112;48;SK_0745;x;
746;48;64;0;SK_0746;x;
747;240;208;32;SK_0747;x;
748;64;208;0;SK_0748;x;
749;64;16;16;SK_0749;x;
750;176;224;208;SK_0750;x;
751;240;176;16;SK_0751;x;
752;32;208;224;SK_0752;x;
753;160;240;192;SK_0753;x;
754;96;176;160;SK_0754;x;
755;0;48;112;SK_0755;x;
756;16;208;176;SK_0756;x;
757;208;192;128;SK_0757;x;
758;208;0;144;SK_0758;x;
759;224;160;96;SK_0759;x;
760;128;176;192;SK_0760;x;
761;208;160;16;SK_0761;x;
762;224;16;176;SK_0762;x;
763;176;192;112;SK_0763;x;
764;64;176;176;SK_0764;x;
765;208;192;96;SK_0765;x;
766;64;16;80;SK_0766;x;
767;224;160;0;SK_0767;x;
768;128;64;144;SK_0768;x;
769;48;48;64;SK_0769;x;
770;96;176;208;SK_0770;x;
771;224;144;112;SK_0771;x;
772;176;128;16;SK_0772;x;
773;224;32;0;SK_0773;x;
774;64;32;96;SK_0774;x;
775;144;80;192;SK_0775;x;
776;160;0;48;SK_0776;x;
777;208;48;144;SK_0777;x;
778;48;16;0;SK_0778;x;
779;224;176;240;SK_0779;x;
780;192;224;0;SK_0780;x;
781;80;128;0;SK_0781;x;
782;208;80;112;SK_0782;x;
783;64;144;224;SK_0783;x;
784;48;0;16;SK_0784;x;
785;128;0;144;SK_0785;x;
786;80;240;80;SK_0786;x;
787;48;208;144;SK_0787;x;
788;160;112;208;SK_0788;x;
789;240;64;192;SK_0789;x;
790;128;64;160;SK_0790;x;
791;64;80;128;SK_0791;x;
792;192;32;96;SK_0792;x;
793;80;0;128;SK_0793;x;
794;64;112;176;SK_0794;x;
795;112;208;16;SK_0795;x;
796;128;112;32;SK_0796;x;
797;144;128;128;SK_0797;x;
798;64;80;80;SK_0798;x;
799;64;240;160;SK_0799;x;
800;0;160;0;SK_0800;x;
801;48;96;48;SK_0801;x;
802;0;0;176;SK_0802;x;
803;176;144;192;SK_0803;x;
804;144;16;64;SK_0804;x;
805;128;240;128;SK_0805;x;
806;192;32;0;SK_0806;x;
807;240;0;32;SK_0807;x;
808;128;176;64;SK_0808;x;
809;160;128;0;SK_0809;x;
810;96;112;208;SK_0810;x;
811;144;80;48;SK_0811;x;
812;144;64;112;SK_0812;x;
813;64;240;128;SK_0813;x;
814;0;80;32;SK_0814;x;
815;16;144;16;SK_0815;x;
816;112;176;48;SK_0816;x;
817;224;240;112;SK_0817;x;
818;192;0;64;SK_0818;x;
819;144;176;176;SK_0819;x;
820;160;144;48;SK_0820;x;
821;144;96;144;SK_0821;x;
822;96;0;128;SK_0822;x;
823;48;128;192;SK_0823;x;
824;224;16;16;SK_0824;x;
825;48;208;16;SK_0825;x;
826;32;16;16;SK_0826;x;
827;176;96;208;SK_0827;x;
828;224;16;160;SK_0828;x;
829;16;48;176;SK_0829;x;
830;224;32;48;SK_0830;x;
831;144;0;80;SK_0831;x;
832;48;32;208;SK_0832;x;
833;240;48;32;SK_0833;x;
834;128;96;64;SK_0834;x;
835;96;176;80;SK_0835;x;
836;16;208;0;SK_0836;x;
837;80;16;0;SK_0837;x;
838;224;176;160;SK_0838;x;
839;112;160;240;SK_0839;x;
840;96;32;208;SK_0840;x;
841;112;240;96;SK_0841;x;
842;128;80;144;SK_0842;x;
843;128;144;64;SK_0843;x;
844;192;176;32;SK_0844;x;
845;128;208;0;SK_0845;x;
846;80;112;16;SK_0846;x;
847;128;144;80;SK_0847;x;
848;64;96;80;SK_0848;x;
849;112;128;16;SK_0849;x;
850;112;16;0;SK_0850;x;
851;192;112;240;SK_0851;x;
852;144;240;128;SK_0852;x;
853;192;16;80;SK_0853;x;
854;240;32;96;SK_0854;x;
855;0;16;128;SK_0855;x;
856;192;160;192;SK_0856;x;
857;16;48;48;SK_0857;x;
858;32;144;80;SK_0858;x;
859;192;48;80;SK_0859;x;
860;16;176;160;SK_0860;x;
861;96;64;96;SK_0861;x;
862;208;208;144;SK_0862;x;
863;0;48;128;SK_0863;x;
864;16;224;112;SK_0864;x;
865;176;32;80;SK_0865;x;
866;208;96;32;SK_0866;x;
867;16;80;80;SK_0867;x;
868;112;192;0;SK_0868;x;
869;160;128;144;SK_0869;x;
870;224;96;48;SK_0870;x;
871;128;16;240;SK_0871;x;
872;16;0;160;SK_0872;x;
873;96;96;32;SK_0873;x;
874;48;160;32;SK_0874;x;
875;176;16;64;SK_0875;x;
876;224;192;96;SK_0876;x;
877;16;0;176;SK_0877;x;
878;192;144;144;SK_0878;x;
879;48;32;112;SK_0879;x;
880;16;96;144;SK_0880;x;
881;96;208;64;SK_0881;x;
882;112;80;192;SK_0882;x;
883;16;240;80;SK_0883;x;
884;176;176;80;SK_0884;x;
885;224;144;128;SK_0885;x;
886;32;16;208;SK_0886;x;
887;176;208;48;SK_0887;x;
888;128;0;96;SK_0888;x;
889;176;144;128;SK_0889;x;
890;208;16;176;SK_0890;x;
891;48;208;176;SK_0891;x;
892;128;208;240;SK_0892;x;
893;80;144;96;SK_0893;x;
894;64;48;48;SK_0894;x;
895;48;0;176;SK_0895;x;
896;16;32;32;SK_0896;x;
897;64;160;16;SK_0897;x;
898;240;128;240;SK_0898;x;
899;48;112;192;SK_0899;x;
900;64;0;96;SK_0900;x;
901;144;224;144;SK_0901;x;
902;192;240;144;SK_0902;x;
903;160;192;48;SK_0903;x;
904;0;16;176;SK_0904;x;
905;128;48;0;SK_0905;x;
906;80;192;240;SK_0906;x;
907;112;224;0;SK_0907;x;
908;224;0;128;SK_0908;x;
909;80;192;160;SK_0909;x;
910;192;128;240;SK_0910;x;
911;16;64;32;SK_0911;x;
912;208;208;16;SK_0912;x;
913;144;192;64;SK_0913;x;
914;64;32;240;SK_0914;x;
915;112;0;16;SK_0915;x;
916;64;112;64;SK_0916;x;
917;192;160;48;SK_0917;x;
918;128;96;192;SK_0918;x;
919;64;144;112;SK_0919;x;
920;208;192;64;SK_0920;x;
921;48;208;128;SK_0921;x;
922;0;144;32;SK_0922;x;
923;112;32;112;SK_0923;x;
924;192;48;48;SK_0924;x;
925;16;128;112;SK_0925;x;
926;16;16;64;SK_0926;x;
927;128;48;192;SK_0927;x;
928;176;208;96;SK_0928;x;
929;160;96;0;SK_0929;x;
930;160;128;224;SK_0930;x;
931;128;16;160;SK_0931;x;
932;48;0;160;SK_0932;x;
933;112;96;192;SK_0933;x;
934;224;224;160;SK_0934;x;
935;224;208;16;SK_0935;x;
936;16;0;240;SK_0936;x;
937;176;0;48;SK_0937;x;
938;0;48;64;SK_0938;x;
939;192;112;96;SK_0939;x;
940;80;224;240;SK_0940;x;
941;128;48;96;SK_0941;x;
942;96;48;16;SK_0942;x;
943;32;144;160;SK_0943;x;
944;128;32;224;WASTE_0944;x;
945;160;16;112;WASTE_0945;x;
946;16;144;176;WASTE_0946;x;
947;112;64;192;WASTE_0947;x;
948;32;96;192;WASTE_0948;x;
949;144;240;64;WASTE_0949;x;
950;192;16;160;WASTE_0950;x;
951;64;240;224;WASTE_0951;x;
952;240;80;240;WASTE_0952;x;
953;96;240;112;WASTE_0953;x;
954;224;80;160;WASTE_0954;x;
955;144;240;240;WASTE_0955;x;
956;0;0;240;WASTE_0956;x;
957;176;32;48;WASTE_0957;x;
958;96;112;48;WASTE_0958;x;
959;160;112;80;WASTE_0959;x;
960;112;112;192;WASTE_0960;x;
961;240;144;64;WASTE_0961;x;
962;192;112;176;WASTE_0962;x;
963;0;64;16;WASTE_0963;x;
964;48;32;176;WASTE_0964;x;
965;128;32;64;WASTE_0965;x;
966;112;64;48;WASTE_0966;x;
967;48;144;32;WASTE_0967;x;
968;0;176;144;WASTE_0968;x;
969;192;128;192;WASTE_0969;x;
970;112;240;192;WASTE_0970;x;
971;160;224;0;WASTE_0971;x;
972;240;144;224;WASTE_0972;x;
973;96;192;240;WASTE_0973;x;
974;208;128;208;WASTE_0974;x;
975;176;32;96;WASTE_0975;x;
976;192;80;128;WASTE_0976;x;
977;208;112;144;WASTE_0977;x;
978;160;176;80;WASTE_0978;x;
979;0;160;208;WASTE_0979;x;
980;80;176;80;WASTE_0980;x;
981;80;144;64;WASTE_0981;x;
982;176;128;208;WASTE_0982;x;
983;240;80;208;WASTE_0983;x;
984;128;240;208;WASTE_0984;x;
985;112;80;32;WASTE_0985;x;
986;48;144;160;WASTE_0986;x;
987;48;16;80;WASTE_0987;x;
988;160;160;112;WASTE_0988;x;
989;112;128;128;WASTE_0989;x;
990;80;32;128;WASTE_0990;x;
991;64;192;96;WASTE_0991;x;
992;48;160;224;WASTE_0992;x;
993;240;0;0;WASTE_0993;x;
994;0;240;176;WASTE_0994;x;
995;128;16;176;WASTE_0995;x;
996;192;176;128;WASTE_0996;x;
997;16;128;48;WASTE_0997;x;
998;48;48;224;WASTE_0998;x;
999;48;144;208;WASTE_0999;x;
1000;48;176;80;WASTE_1000;x;
1001;32;48;112;WASTE_1001;x;
1002;112;96;0;WASTE_1002;x;
1003;16;208;64;WASTE_1003;x;
1004;224;0;192;WASTE_1004;x;
1005;176;0;112;WASTE_1005;x;
1006;96;224;64;WASTE_1006;x;
1007;208;144;176;WASTE_1007;x;
1008;144;160;96;WASTE_1008;x;
1009;240;16;208;WASTE_1009;x;
1010;144;48;192;WASTE_1010;x;
1011;160;176;96;WASTE_1011;x;
1012;192;208;16;WASTE_1012;x;
1013;160;112;192;WASTE_1013;x;
1014;144;176;208;WASTE_1014;x;
1015;0;192;208;WASTE_1015;x;
1016;144;112;80;WASTE_1016;x;
1017;112;32;176;WASTE_1017;x;
1018;128;112;240;WASTE_1018;x;
1019;192;208;80;WASTE_1019;x;
1020;80;80;16;WASTE_1020;x;
1021;128;192;48;WASTE_1021;x;
1022;192;80;224;WASTE_1022;x;
1023;144;144;48;WASTE_1023;x;
1024;0;208;0;WASTE_1024;x;
1025;80;192;224;WASTE_1025;x;
1026;208;96;64;WASTE_1026;x;
1027;144;224;112;WASTE_1027;x;
1028;240;112;176;WASTE_1028;x;
1029;112;96;112;WASTE_1029;x;
1030;32;176;208;WASTE_1030;x;
1031;144;208;32;WASTE_1031;x;
1032;208;112;16;WASTE_1032;x;
1033;240;160;80;WASTE_1033;x;
1034;96;16;48;WASTE_1034;x;
1035;160;96;112;WASTE_1035;x;
1036;160;112;224;WASTE_1036;x;
1037;32;208;128;WASTE_1037;x;
1038;96;128;144;WASTE_1038;x;
1039;128;176;208;WASTE_1039;x;
1040;0;160;176;WASTE_1040;x;
1041;192;144;0;WASTE_1041;x;
1042;208;96;112;WASTE_1042;x;
1043;240;96;0;WASTE_1043;x;
1044;240;32;144;WASTE_1044;x;
1045;192;0;112;WASTE_1045;x;
1046;128;224;240;WASTE_1046;x;
1047;208;96;160;WASTE_1047;x;
1048;240;128;144;WASTE_1048;x;
1049;240;80;48;WASTE_1049;x;
1050;240;192;176;WASTE_1050;x;
1051;0;64;64;WASTE_1051;x;
1052;64;176;192;WASTE_1052;x;
1053;112;144;160;WASTE_1053;x;
1054;144;128;192;WASTE_1054;x;
1055;176;240;240;WASTE_1055;x;
1056;240;48;0;WASTE_1056;x;
1057;192;0;224;WASTE_1057;x;
1058;192;208;176;WASTE_1058;x;
1059;240;208;128;WASTE_1059;x;
1060;240;144;192;WASTE_1060;x;
1061;224;64;128;WASTE_1061;x;
1062;160;224;48;WASTE_1062;x;
1063;96;96;0;WASTE_1063;x;
1064;128;128;32;WASTE_1064;x;
1065;16;224;224;WASTE_1065;x;
1066;80;96;208;WASTE_1066;x;
1067;80;32;240;WASTE_1067;x;
1068;64;224;48;WASTE_1068;x;
1069;48;208;80;WASTE_1069;x;
1070;160;192;128;WASTE_1070;x;
1071;112;128;96;WASTE_1071;x;
1072;96;192;192;WASTE_1072;x;
1073;16;160;208;WASTE_1073;x;
1074;240;64;224;WASTE_1074;x;
1075;112;0;192;WASTE_1075;x;
1076;32;160;0;WASTE_1076;x;
1077;32;112;144;WASTE_1077;x;
1078;192;96;112;WASTE_1078;x;
1079;176;208;176;WASTE_1079;x;
1080;16;32;176;WASTE_1080;x;
1081;32;208;208;WASTE_1081;x;
1082;96;0;0;WASTE_1082;x;
1083;32;176;48;WASTE_1083;x;
1084;0;16;96;WASTE_1084;x;
1085;96;48;32;WASTE_1085;x;
1086;16;80;0;WASTE_1086;x;
1087;144;208;16;WASTE_1087;x;
1088;112;240;240;WASTE_1088;x;
1089;128;144;32;WASTE_1089;x;
1090;192;96;96;WASTE_1090;x;
1091;240;240;128;WASTE_1091;x;
1092;80;0;64;WASTE_1092;x;
1093;48;128;64;WASTE_1093;x;
1094;176;48;80;WASTE_1094;x;
1095;128;112;144;WASTE_1095;x;
1096;64;128;0;WASTE_1096;x;
1097;176;96;112;WASTE_1097;x;
1098;240;80;112;WASTE_1098;x;
1099;240;16;32;WASTE_1099;x;
1100;64;96;32;WASTE_1100;x;
1101;208;48;128;WASTE_1101;x;
1102;160;176;48;WASTE_1102;x;
1103;32;80;160;WASTE_1103;x;
1104;0;64;224;WASTE_1104;x;
1105;128;144;128;WASTE_1105;x;
1106;48;112;240;WASTE_1106;x;
1107;144;32;192;WASTE_1107;x;
1108;208;112;160;WASTE_1108;x;
1109;208;0;80;WASTE_1109;x;
1110;16;224;80;WASTE_1110;x;
1111;16;208;240;WASTE_1111;x;
1112;208;64;64;WASTE_1112;x;
1113;0;16;0;WASTE_1113;x;
1114;128;192;176;WASTE_1114;x;
1115;16;160;112;WASTE_1115;x;
1116;64;0;32;WASTE_1116;x;
1117;32;48;192;WASTE_1117;x;
1118;240;208;16;WASTE_1118;x;
1119;16;0;128;WASTE_1119;x;
1120;32;192;112;WASTE_1120;x;
1121;64;64;80;WASTE_1121;x;
1122;208;160;112;WASTE_1122;x;
1123;112;144;208;WASTE_1123;x;
1124;48;112;176;WASTE_1124;x;
1125;128;208;112;WASTE_1125;x;
1126;240;160;128;WASTE_1126;x;
1127;192;112;64;WASTE_1127;x;
1128;176;176;48;WASTE_1128;x;
1129;128;192;192;WASTE_1129;x;
1130;224;96;80;WASTE_1130;x;
1131;80;96;96;WASTE_1131;x;
1132;176;0;32;WASTE_1132;x;
1133;32;48;144;WASTE_1133;x;
1134;112;144;64;WASTE_1134;x;
1135;32;32;112;WASTE_1135;x;
1136;128;160;240;WASTE_1136;x;
1137;0;48;160;WASTE_1137;x;
1138;208;48;48;WASTE_1138;x;
1139;144;128;112;WASTE_1139;x;
1140;144;80;208;WASTE_1140;x;
1141;144;176;64;WASTE_1141;x;
1142;64;112;128;WASTE_1142;x;
1143;96;240;32;WASTE_1143;x;
1144;0;96;64;WASTE_1144;x;
1145;192;64;144;WASTE_1145;x;
1146;48;96;144;WASTE_1146;x;
1147;192;144;16;WASTE_1147;x;
1148;48;80;224;WASTE_1148;x;
1149;0;48;240;WASTE_1149;x;
1150;80;240;240;WASTE_1150;x;
1151;176;80;128;WASTE_1151;x;
1152;32;144;128;WASTE_1152;x;
1153;144;192;16;WASTE_1153;x;
1154;128;128;80;WASTE_1154;x;
1155;208;176;176;WASTE_1155;x;
1156;80;96;192;WASTE_1156;x;
1157;144;32;48;WASTE_1157;x;
1158;144;160;128;WASTE_1158;x;
1159;0;224;112;WASTE_1159;x;
1160;128;80;176;WASTE_1160;x;
1161;80;0;224;WASTE_1161;x;
1162;144;16;128;WASTE_1162;x;
1163;64;64;224;WASTE_1163;x;
1164;32;192;128;WASTE_1164;x;
1165;64;0;160;WASTE_1165;x;
1166;224;48;96;WASTE_1166;x;
1167;16;176;112;WASTE_1167;x;
1168;160;48;0;WASTE_1168;x;
1169;160;144;128;WASTE_1169;x;
1170;144;112;96;WASTE_1170;x;
1171;224;64;32;WASTE_1171;x;
1172;240;240;48;WASTE_1172;x;
1173;96;80;48;WASTE_1173;x;
1174;80;192;80;WASTE_1174;x;
1175;32;64;0;WASTE_1175;x;
1176;160;224;16;WASTE_1176;x;
1177;0;240;32;WASTE_1177;x;
1178;144;112;32;WASTE_1178;x;
1179;64;128;16;WASTE_1179;x;
1180;240;240;16;WASTE_1180;x;
1181;208;160;48;WASTE_1181;x;
1182;16;208;32;WASTE_1182;x;
1183;48;224;112;WASTE_1183;x;
1184;192;16;48;WASTE_1184;x;
1185;96;240;64;WASTE_1185;x;
1186;176;160;16;WASTE_1186;x;
1187;0;224;80;WASTE_1187;x;
1188;16;224;96;WASTE_1188;x;
1189;240;96;16;WASTE_1189;x;
1190;208;96;16;WASTE_1190;x;
1191;48;16;16;WASTE_1191;x;
1192;128;64;0;WASTE_1192;x;
1193;192;144;64;WASTE_1193;x;
1194;224;208;32;WASTE_1194;x;
1195;80;224;144;WASTE_1195;x;
1196;80;224;96;WASTE_1196;x;
1197;128;96;144;WASTE_1197;x;
1198;64;128;80;WASTE_1198;x;
1199;144;32;16;WASTE_1199;x;
1200;16;224;176;WASTE_1200;x;
1201;64;80;64;WASTE_1201;x;
1202;144;16;240;WASTE_1202;x;
1203;80;176;240;WASTE_1203;x;
1204;112;224;224;WASTE_1204;x;
1205;176;128;32;WASTE_1205;x;
1206;160;64;64;WASTE_1206;x;
1207;224;240;48;WASTE_1207;x;
1208;160;64;48;WASTE_1208;x;
1209;112;32;160;WASTE_1209;x;
1210;176;128;160;WASTE_1210;x;
1211;0;240;48;WASTE_1211;x;
1212;112;144;192;WASTE_1212;x;
1213;32;48;64;WASTE_1213;x;
1214;128;112;208;WASTE_1214;x;
1215;240;112;128;WASTE_1215;x;
1216;80;160;208;WASTE_1216;x;
1217;96;128;48;WASTE_1217;x;
1218;112;0;112;WASTE_1218;x;
1219;16;208;208;WASTE_1219;x;
1220;16;64;240;WASTE_1220;x;
1221;0;128;0;WASTE_1221;x;
1222;32;128;16;WASTE_1222;x;
1223;16;16;112;WASTE_1223;x;
1224;176;48;16;WASTE_1224;x;
1225;160;128;240;WASTE_1225;x;
1226;208;176;80;WASTE_1226;x;
1227;80;144;128;WASTE_1227;x;
1228;192;160;144;WASTE_1228;x;
1229;144;128;176;WASTE_1229;x;
1230;48;16;144;WASTE_1230;x;
1231;112;96;224;WASTE_1231;x;
1232;208;144;192;WASTE_1232;x;
1233;224;224;128;WASTE_1233;x;
1234;176;144;112;WASTE_1234;x;
1235;16;224;0;WASTE_1235;x;
1236;0;112;80;WASTE_1236;x;
1237;128;160;160;WASTE_1237;x;
1238;64;176;32;WASTE_1238;x;
1239;112;0;240;WASTE_1239;x;
1240;208;160;0;WASTE_1240;x;
1241;144;144;208;WASTE_1241;x;
1242;0;16;144;WASTE_1242;x;
1243;48;80;32;WASTE_1243;x;
1244;48;128;208;WASTE_1244;x;
1245;240;32;128;WASTE_1245;x;
1246;32;208;160;WASTE_1246;x;
1247;32;160;16;WASTE_1247;x;
1248;96;80;176;WASTE_1248;x;
1249;0;48;192;WASTE_1249;x;
1250;32;48;224;WASTE_1250;x;
1251;240;240;144;WASTE_1251;x;
1252;32;96;176;WASTE_1252;x;
1253;96;208;0;WASTE_1253;x;
1254;96;224;0;WASTE_1254;x;
1255;224;144;176;WASTE_1255;x;
1256;48;192;96;WASTE_1256;x;
1257;224;144;192;WASTE_1257;x;
1258;32;96;96;WASTE_1258;x;
1259;0;144;0;WASTE_1259;x;
1260;128;160;0;WASTE_1260;x;
1261;208;64;48;WASTE_1261;x;
1262;176;0;16;WASTE_1262;x;
1263;0;48;80;WASTE_1263;x;
1264;208;16;224;WASTE_1264;x;
1265;0;112;48;WASTE_1265;x;
1266;208;64;144;WASTE_1266;x;
1267;32;128;80;WASTE_1267;x;
1268;32;48;16;WASTE_1268;x;
1269;64;192;128;WASTE_1269;x;
1270;48;112;160;WASTE_1270;x;
1271;80;208;112;WASTE_1271;x;
1272;240;176;144;WASTE_1272;x;
1273;224;176;144;WASTE_1273;x;
1274;96;208;96;WASTE_1274;x;
1275;192;64;224;WASTE_1275;x;
1276;192;48;224;WASTE_1276;x;
1277;16;32;192;WASTE_1277;x;
1278;176;176;160;WASTE_1278;x;
1279;208;160;64;WASTE_1279;x;
1280;160;240;96;WASTE_1280;x;
1281;160;208;96;WASTE_1281;x;
1282;32;96;80;WASTE_1282;x;
1283;160;0;240;WASTE_1283;x;
1284;240;64;16;WASTE_1284;x;
1285;144;48;16;WASTE_1285;x;
1286;64;224;80;WASTE_1286;x;
1287;160;112;16;WASTE_1287;x;
1288;144;160;240;WASTE_1288;x;
1289;240;32;224;WASTE_1289;x;
1290;0;176;48;WASTE_1290;x;
1291;112;80;240;WASTE_1291;x;
1292;224;48;112;WASTE_1292;x;
1293;48;176;32;WASTE_1293;x;
1294;192;80;240;WASTE_1294;x;
1295;112;224;80;WASTE_1295;x;
1296;208;48;240;WASTE_1296;x;
1297;224;240;0;WASTE_1297;x;
1298;112;160;128;WASTE_1298;x;
1299;144;48;128;WASTE_1299;x;
1300;144;192;224;WASTE_1300;x;
1301;208;32;160;WASTE_1301;x;
1302;48;128;176;WASTE_1302;x;
1303;80;160;48;WASTE_1303;x;
1304;112;48;208;WASTE_1304;x;
1305;32;96;160;WASTE_1305;x;
1306;192;80;80;WASTE_1306;x;
1307;208;208;224;WASTE_1307;x;
1308;176;160;0;WASTE_1308;x;
1309;48;96;64;WASTE_1309;x;
1310;96;0;208;WASTE_1310;x;
1311;224;160;80;WASTE_1311;x;
1312;96;192;176;WASTE_1312;x;
1313;208;176;160;WASTE_1313;x;
1314;64;0;80;WASTE_1314;x;
1315;16;96;16;WASTE_1315;x;
1316;208;128;160;WASTE_1316;x;
1317;240;224;16;WASTE_1317;x;
1318;160;80;240;WASTE_1318;x;
1319;64;208;160;WASTE_1319;x;
1320;80;128;80;WASTE_1320;x;
1321;16;64;48;WASTE_1321;x;
1322;224;0;64;WASTE_1322;x;
1323;16;64;112;WASTE_1323;x;
1324;224;32;240;WASTE_1324;x;
1325;128;224;32;WASTE_1325;x;
1326;240;240;176;WASTE_1326;x;
1327;96;224;160;WASTE_1327;x;
1328;176;240;32;WASTE_1328;x;
1329;192;192;192;WASTE_1329;x;
1330;224;0;240;WASTE_1330;x;
1331;48;192;240;WASTE_1331;x;
1332;208;160;160;WASTE_1332;x;
1333;80;176;128;WASTE_1333;x;
1334;112;80;144;WASTE_1334;x;
1335;16;64;160;WASTE_1335;x;
1336;144;240;160;WASTE_1336;x;
1337;0;192;64;WASTE_1337;x;
1338;0;64;32;WASTE_1338;x;
1339;64;128;128;WASTE_1339;x;
1340;0;0;32;WASTE_1340;x;
1341;48;144;0;WASTE_1341;x;
1342;192;48;192;WASTE_1342;x;
1343;176;96;144;WASTE_1343;x;
1344;192;32;192;WASTE_1344;x;
1345;80;144;80;WASTE_1345;x;
1346;240;128;0;WASTE_1346;x;
1347;0;176;224;WASTE_1347;x;
1348;112;160;0;WASTE_1348;x;
1349;192;0;16;WASTE_1349;x;
1350;32;176;240;WASTE_1350;x;
1351;80;160;64;WASTE_1351;x;
1352;96;64;64;WASTE_1352;x;
1353;128;32;240;WASTE_1353;x;
1354;224;0;80;WASTE_1354;x;
1355;176;16;160;WASTE_1355;x;
1356;48;16;32;WASTE_1356;x;
1357;144;128;208;WASTE_1357;x;
1358;64;224;128;WASTE_1358;x;
1359;0;176;64;WASTE_1359;x;
1360;112;160;64;WASTE_1360;x;
1361;32;32;32;WASTE_1361;x;
1362;144;96;80;WASTE_1362;x;
1363;96;240;48;WASTE_1363;x;
1364;208;160;80;WASTE_1364;x;
1365;176;0;80;WASTE_1365;x;
1366;16;80;160;WASTE_1366;x;
1367;224;80;224;WASTE_1367;x;
1368;208;128;64;WASTE_1368;x;
1369;64;224;0;WASTE_1369;x;
1370;80;144;176;WASTE_1370;x;
1371;112;112;240;WASTE_1371;x;
1372;0;96;48;WASTE_1372;x;
1373;208;208;240;WASTE_1373;x;
1374;64;64;176;WASTE_1374;x;
1375;128;240;176;WASTE_1375;x;
1376;48;32;192;WASTE_1376;x;
1377;128;240;112;WASTE_1377;x;
1378;208;0;112;WASTE_1378;x;
1379;176;176;0;WASTE_1379;x;
1380;240;240;208;WASTE_1380;x;
1381;176;208;64;WASTE_1381;x;
1382;192;160;208;WASTE_1382;x;
1383;48;240;208;WASTE_1383;x;
1384;16;64;96;WASTE_1384;x;
1385;160;128;112;WASTE_1385;x;
1386;0;208;96;WASTE_1386;x;
1387;240;192;144;WASTE_1387;x;
1388;32;224;32;WASTE_1388;x;
1389;96;0;160;WASTE_1389;x;
1390;224;80;32;WASTE_1390;x;
1391;144;80;96;WASTE_1391;x;
1392;192;144;208;WASTE_1392;x;
1393;176;160;48;WASTE_1393;x;
1394;160;16;16;WASTE_1394;x;
1395;64;16;64;WASTE_1395;x;
1396;160;128;176;WASTE_1396;x;
1397;80;128;16;WASTE_1397;x;
1398;208;224;192;WASTE_1398;x;
1399;80;96;128;WASTE_1399;x;
1400;240;48;144;WASTE_1400;x;
1401;176;48;0;WASTE_1401;x;
1402;208;144;48;WASTE_1402;x;
1403;16;208;224;WASTE_1403;x;
1404;0;208;208;WASTE_1404;x;
1405;32;112;96;WASTE_1405;x;
1406;112;160;32;WASTE_1406;x;
1407;176;224;64;WASTE_1407;x;
1408;112;160;48;WASTE_1408;x;
1409;96;48;160;WASTE_1409;x;
1410;112;176;144;WASTE_1410;x;
1411;32;96;208;WASTE_1411;x;
1412;192;224;128;WASTE_1412;x;
1413;16;144;160;WASTE_1413;x;
1414;96;0;32;WASTE_1414;x;
1415;0;16;48;WASTE_1415;x;
1416;80;32;32;WASTE_1416;x;
1417;64;240;16;WASTE_1417;x;
1418;128;176;48;WASTE_1418;x;
1419;240;80;0;WASTE_1419;x;
1420;240;64;240;WASTE_1420;x;
1421;64;64;64;WASTE_1421;x;
1422;16;48;96;WASTE_1422;x;
1423;32;128;176;WASTE_1423;x;
1424;176;16;96;WASTE_1424;x;
1425;176;112;208;WASTE_1425;x;
1426;192;64;240;WASTE_1426;x;
1427;224;16;0;WASTE_1427;x;
1428;240;176;0;WASTE_1428;x;
1429;240;192;192;WASTE_1429;x;
1430;160;48;16;WASTE_1430;x;
1431;64;208;224;WASTE_1431;x;
1432;128;80;64;WASTE_1432;x;
1433;0;160;224;WASTE_1433;x;
1434;64;0;176;WASTE_1434;x;
1435;224;80;96;WASTE_1435;x;
1436;240;16;192;WASTE_1436;x;
1437;192;128;128;WASTE_1437;x;
1438;16;160;16;WASTE_1438;x;
1439;240;224;64;WASTE_1439;x;
1440;128;224;176;WASTE_1440;x;
1441;48;192;0;WASTE_1441;x;
1442;32;224;176;WASTE_1442;x;
1443;0;224;48;WASTE_1443;x;
1444;80;0;176;WASTE_1444;x;
1445;144;240;176;WASTE_1445;x;
1446;176;112;96;WASTE_1446;x;
1447;224;32;144;WASTE_1447;x;
1448;144;48;224;WASTE_1448;x;
1449;192;192;176;WASTE_1449;x;
1450;160;48;224;WASTE_1450;x;
1451;0;96;112;WASTE_1451;x;
1452;176;144;80;WASTE_1452;x;
1453;0;128;80;WASTE_1453;x;
1454;96;0;96;WASTE_1454;x;
1455;16;144;112;WASTE_1455;x;
1456;0;96;192;WASTE_1456;x;
1457;96;32;80;WASTE_1457;x;
1458;16;80;240;WASTE_1458;x;
1459;48;0;128;WASTE_1459;x;
1460;176;80;240;WASTE_1460;x;
1461;240;16;128;WASTE_1461;x;
1462;48;144;112;WASTE_1462;x;
1463;80;80;80;WASTE_1463;x;
1464;144;144;160;WASTE_1464;x;
1465;144;128;16;WASTE_1465;x;
1466;224;96;160;WASTE_1466;x;
1467;192;16;192;WASTE_1467;x;
1468;128;48;224;WASTE_1468;x;
1469;128;240;160;WASTE_1469;x;
1470;48;16;112;WASTE_1470;x;
1471;80;0;96;WASTE_1471;x;
1472;112;112;32;WASTE_1472;x;
1473;64;176;96;WASTE_1473;x;
1474;80;64;192;WASTE_1474;x;
1475;144;64;144;WASTE_1475;x;
1476;112;96;32;WASTE_1476;x;
1477;32;0;160;WASTE_1477;x;
1478;176;16;144;WASTE_1478;x;
1479;48;192;192;WASTE_1479;x;
1480;192;16;208;WASTE_1480;x;
1481;112;48;16;WASTE_1481;x;
1482;64;192;160;WASTE_1482;x;
1483;192;144;176;WASTE_1483;x;
1484;80;160;176;WASTE_1484;x;
1485;16;16;160;WASTE_1485;x;
1486;224;128;0;WASTE_1486;x;
1487;208;64;80;WASTE_1487;x;
1488;80;48;48;WASTE_1488;x;
1489;224;224;224;WASTE_1489;x;
1490;192;208;0;WASTE_1490;x;
1491;48;160;192;WASTE_1491;x;
1492;192;160;160;WASTE_1492;x;
1493;160;176;144;WASTE_1493;x;
1494;128;48;48;WASTE_1494;x;
1495;176;16;192;WASTE_1495;x;
1496;80;16;64;WASTE_1496;x;
1497;224;80;112;WASTE_1497;x;
1498;160;0;112;WASTE_1498;x;
1499;80;144;240;WASTE_1499;x;
1500;192;144;160;WASTE_1500;x;
1501;208;224;48;WASTE_1501;x;
1502;224;160;112;WASTE_1502;x;
1503;96;240;96;WASTE_1503;x;
1504;16;64;192;WASTE_1504;x;
1505;208;144;208;WASTE_1505;x;
1506;208;176;48;WASTE_1506;x;
1507;160;96;240;WASTE_1507;x;
1508;96;144;0;WASTE_1508;x;
1509;176;96;64;WASTE_1509;x;
1510;96;16;144;WASTE_1510;x;
1511;208;240;48;WASTE_1511;x;
1512;48;16;224;WASTE_1512;x;
1513;112;192;160;WASTE_1513;x;
1514;16;48;80;WASTE_1514;x;
1515;64;64;160;WASTE_1515;x;
1516;192;80;160;WASTE_1516;x;
1517;64;0;16;WASTE_1517;x;
1518;80;224;64;WASTE_1518;x;
1519;16;64;80;WASTE_1519;x;
1520;96;112;64;WASTE_1520;x;
1521;48;80;240;WASTE_1521;x;
1522;176;32;208;WASTE_1522;x;
1523;112;176;192;WASTE_1523;x;
1524;208;224;176;WASTE_1524;x;
1525;112;240;112;WASTE_1525;x;
1526;80;0;16;WASTE_1526;x;
1527;0;192;96;WASTE_1527;x;
1528;48;160;112;WASTE_1528;x;
1529;208;192;208;WASTE_1529;x;
1530;240;192;16;WASTE_1530;x;
1531;160;32;48;WASTE_1531;x;
1532;16;208;192;WASTE_1532;x;
1533;144;128;160;WASTE_1533;x;
1534;64;240;240;WASTE_1534;x;
1535;160;240;0;WASTE_1535;x;
1536;96;176;128;WASTE_1536;x;
1537;16;80;96;WASTE_1537;x;
1538;224;64;192;WASTE_1538;x;
1539;160;80;96;WASTE_1539;x;
1540;176;0;96;WASTE_1540;x;
1541;144;16;224;WASTE_1541;x;
1542;208;112;128;WASTE_1542;x;
1543;208;112;64;WASTE_1543;x;
1544;0;48;48;WASTE_1544;x;
1545;240;48;128;WASTE_1545;x;
1546;240;208;80;WASTE_1546;x;
1547;64;192;176;WASTE_1547;x;
1548;0;176;112;WASTE_1548;x;
1549;32;96;112;WASTE_1549;x;
1550;224;160;64;WASTE_1550;x;
1551;80;96;224;WASTE_1551;x;
1552;224;208;160;WASTE_1552;x;
1553;64;160;224;WASTE_1553;x;
1554;48;224;32;WASTE_1554;x;
1555;224;112;128;WASTE_1555;x;
1556;224;112;80;WASTE_1556;x;
1557;144;160;48;WASTE_1557;x;
1558;0;48;96;WASTE_1558;x;
1559;176;144;16;WASTE_1559;x;
1560;128;32;176;WASTE_1560;x;
1561;144;224;192;WASTE_1561;x;
1562;160;32;144;WASTE_1562;x;
1563;96;160;128;WASTE_1563;x;
1564;192;16;240;WASTE_1564;x;
1565;64;176;48;WASTE_1565;x;
1566;224;176;96;WASTE_1566;x;
1567;0;240;128;WASTE_1567;x;
1568;32;176;96;WASTE_1568;x;
1569;64;224;208;WASTE_1569;x;
1570;96;192;160;WASTE_1570;x;
1571;64;0;192;WASTE_1571;x;
1572;192;80;192;WASTE_1572;x;
1573;64;0;144;WASTE_1573;x;
1574;208;80;64;WASTE_1574;x;
1575;96;112;144;WASTE_1575;x;
1576;176;192;96;WASTE_1576;x;
1577;96;208;16;WASTE_1577;x;
1578;208;112;0;WASTE_1578;x;
1579;176;32;32;WASTE_1579;x;
1580;112;80;96;WASTE_1580;x;
1581;128;240;0;WASTE_1581;x;
1582;144;0;176;WASTE_1582;x;
1583;176;224;48;WASTE_1583;x;
1584;160;32;32;WASTE_1584;x;
1585;160;192;64;WASTE_1585;x;
1586;176;240;128;WASTE_1586;x;
1587;144;128;32;WASTE_1587;x;
1588;240;112;224;WASTE_1588;x;
1589;80;144;160;WASTE_1589;x;
1590;48;48;80;WASTE_1590;x;
1591;128;128;0;WASTE_1591;x;
1592;128;240;96;WASTE_1592;x;
1593;0;240;0;WASTE_1593;x;
1594;112;176;64;WASTE_1594;x;
1595;80;192;112;WASTE_1595;x;
1596;128;208;144;WASTE_1596;x;
1597;112;176;224;WASTE_1597;x;
1598;192;192;96;WASTE_1598;x;
1599;160;16;0;WASTE_1599;x;
1600;144;144;144;WASTE_1600;x;
1601;0;128;160;WASTE_1601;x;
1602;192;48;144;WASTE_1602;x;
1603;32;160;208;WASTE_1603;x;
1604;224;224;64;WASTE_1604;x;
1605;144;192;208;WASTE_1605;x;
1606;0;0;48;WASTE_1606;x;
1607;176;80;224;WASTE_1607;x;
1608;144;112;224;WASTE_1608;x;
1609;160;240;176;WASTE_1609;x;
1610;176;112;192;WASTE_1610;x;
1611;0;48;144;WASTE_1611;x;
1612;32;16;144;WASTE_1612;x;
1613;96;32;16;WASTE_1613;x;
1614;128;64;192;WASTE_1614;x;
1615;176;192;64;WASTE_1615;x;
1616;144;224;96;WASTE_1616;x;
1617;32;48;80;WASTE_1617;x;
1618;112;128;32;WASTE_1618;x;
1619;192;128;96;WASTE_1619;x;
1620;192;128;64;WASTE_1620;x;
1621;48;96;208;WASTE_1621;x;
1622;144;64;224;WASTE_1622;x;
1623;192;192;48;WASTE_1623;x;
1624;128;32;160;WASTE_1624;x;
1625;32;144;224;WASTE_1625;x;
1626;16;0;80;WASTE_1626;x;
1627;48;176;96;WASTE_1627;x;
1628;96;112;96;WASTE_1628;x;
1629;112;192;128;WASTE_1629;x;
1630;16;16;128;WASTE_1630;x;
1631;96;224;112;WASTE_1631;x;
1632;0;48;208;WASTE_1632;x;
1633;48;96;80;WASTE_1633;x;
1634;0;192;224;WASTE_1634;x;
1635;208;16;112;WASTE_1635;x;
1636;144;240;224;WASTE_1636;x;
1637;32;0;16;WASTE_1637;x;
1638;144;80;112;WASTE_1638;x;
1639;160;32;112;WASTE_1639;x;
1640;16;112;192;WASTE_1640;x;
1641;80;208;192;WASTE_1641;x;
1642;112;0;224;WASTE_1642;x;
1643;128;192;208;WASTE_1643;x;
1644;16;144;128;WASTE_1644;x;
1645;240;208;0;WASTE_1645;x;
1646;128;32;96;WASTE_1646;x;
1647;64;96;192;WASTE_1647;x;
1648;192;208;192;WASTE_1648;x;
1649;240;32;0;WASTE_1649;x;
1650;96;208;144;WASTE_1650;x;
1651;80;64;224;WASTE_1651;x;
1652;96;160;240;WASTE_1652;x;
1653;128;208;96;WASTE_1653;x;
1654;80;160;16;WASTE_1654;x;
1655;144;48;176;WASTE_1655;x;
1656;240;128;96;WASTE_1656;x;
1657;32;64;112;WASTE_1657;x;
1658;48;208;192;WASTE_1658;x;
1659;240;64;208;WASTE_1659;x;
1660;32;240;16;WASTE_1660;x;
1661;160;128;48;WASTE_1661;x;
1662;176;128;128;WASTE_1662;x;
1663;144;16;80;WASTE_1663;x;
1664;80;176;0;WASTE_1664;x;
1665;80;240;0;WASTE_1665;x;
1666;32;32;224;WASTE_1666;x;
1667;224;160;208;WASTE_1667;x;
1668;208;16;80;WASTE_1668;x;
1669;80;208;160;WASTE_1669;x;
1670;48;16;48;WASTE_1670;x;
1671;192;64;48;WASTE_1671;x;
1672;80;240;224;WASTE_1672;x;
1673;48;96;224;WASTE_1673;x;
1674;224;144;96;WASTE_1674;x;
1675;144;0;112;WASTE_1675;x;
1676;64;16;192;WASTE_1676;x;
1677;128;32;0;WASTE_1677;x;
1678;176;64;208;WASTE_1678;x;
1679;224;48;128;WASTE_1679;x;
1680;32;160;224;WASTE_1680;x;
1681;96;48;64;WASTE_1681;x;
1682;144;160;160;WASTE_1682;x;
1683;176;16;112;WASTE_1683;x;
1684;240;224;208;WASTE_1684;x;
1685;96;112;16;WASTE_1685;x;
1686;240;240;80;WASTE_1686;x;
1687;112;80;208;WASTE_1687;x;
1688;160;112;240;WASTE_1688;x;
1689;208;208;96;WASTE_1689;x;
1690;112;112;128;WASTE_1690;x;
1691;208;32;240;WASTE_1691;x;
1692;176;192;128;WASTE_1692;x;
1693;176;128;64;WASTE_1693;x;
1694;208;80;16;WASTE_1694;x;
1695;80;48;144;WASTE_1695;x;
1696;64;224;224;WASTE_1696;x;
1697;160;112;144;WASTE_1697;x;
1698;224;192;160;WASTE_1698;x;
1699;192;16;32;WASTE_1699;x;
1700;16;48;32;WASTE_1700;x;
1701;208;208;176;WASTE_1701;x;
1702;0;176;80;WASTE_1702;x;
1703;16;80;64;WASTE_1703;x;
1704;224;128;96;WASTE_1704;x;
1705;128;192;240;WASTE_1705;x;
1706;112;96;64;WASTE_1706;x;
1707;32;16;240;WASTE_1707;x;
1708;160;64;224;WASTE_1708;x;
1709;160;128;32;WASTE_1709;x;
1710;144;160;80;WASTE_1710;x;
1711;48;144;128;WASTE_1711;x;
1712;96;48;96;WASTE_1712;x;
1713;240;192;224;WASTE_1713;x;
1714;96;64;192;WASTE_1714;x;
1715;128;16;112;WASTE_1715;x;
1716;192;224;176;WASTE_1716;x;
1717;32;96;32;WASTE_1717;x;
1718;48;144;80;WASTE_1718;x;
1719;176;96;32;WASTE_1719;x;
1720;160;160;48;WASTE_1720;x;
1721;0;80;112;WASTE_1721;x;
1722;176;240;192;WASTE_1722;x;
1723;208;16;64;WASTE_1723;x;
1724;96;64;32;WASTE_1724;x;
1725;224;192;64;WASTE_1725;x;
1726;80;128;112;WASTE_1726;x;
1727;48;64;176;WASTE_1727;x;
1728;64;224;240;WASTE_1728;x;
1729;208;208;80;WASTE_1729;x;
1730;160;144;192;WASTE_1730;x;
1731;240;0;112;WASTE_1731;x;
1732;240;128;80;WASTE_1732;x;
1733;80;64;160;WASTE_1733;x;
1734;224;48;176;WASTE_1734;x;
1735;112;96;240;WASTE_1735;x;
1736;64;64;112;WASTE_1736;x;
1737;144;160;208;WASTE_1737;x;
1738;160;48;64;WASTE_1738;x;
1739;80;64;16;WASTE_1739;x;
1740;192;32;176;WASTE_1740;x;
1741;144;48;96;WASTE_1741;x;
1742;16;96;128;WASTE_1742;x;
1743;144;224;208;WASTE_1743;x;
1744;80;160;192;WASTE_1744;x;
1745;112;192;48;WASTE_1745;x;
1746;64;16;240;WASTE_1746;x;
1747;96;64;240;WASTE_1747;x;
1748;224;128;64;WASTE_1748;x;
1749;0;240;160;WASTE_1749;x;
1750;208;0;208;WASTE_1750;x;
1751;16;32;16;WASTE_1751;x;
1752;224;112;240;WASTE_1752;x;
1753;32;224;160;WASTE_1753;x;
1754;144;64;96;WASTE_1754;x;
1755;96;16;64;WASTE_1755;x;
1756;208;224;240;WASTE_1756;x;
1757;64;224;96;WASTE_1757;x;
1758;16;144;224;WASTE_1758;x;
1759;96;32;64;WASTE_1759;x;
1760;16;128;176;WASTE_1760;x;
1761;0;144;192;WASTE_1761;x;
1762;16;176;144;WASTE_1762;x;
1763;160;64;160;WASTE_1763;x;
1764;16;128;64;WASTE_1764;x;
1765;208;176;32;WASTE_1765;x;
1766;48;240;64;WASTE_1766;x;
1767;80;48;176;WASTE_1767;x;
1768;144;48;80;WASTE_1768;x;
1769;32;0;192;WASTE_1769;x;
1770;128;144;240;WASTE_1770;x;
1771;80;32;144;WASTE_1771;x;
1772;176;208;128;WASTE_1772;x;
1773;144;176;128;WASTE_1773;x;
1774;160;224;128;WASTE_1774;x;
1775;240;96;208;WASTE_1775;x;
1776;128;80;160;WASTE_1776;x;
1777;16;32;48;WASTE_1777;x;
1778;96;112;0;WASTE_1778;x;
1779;96;80;128;WASTE_1779;x;
1780;208;208;32;WASTE_1780;x;
1781;112;176;32;WASTE_1781;x;
1782;48;144;240;WASTE_1782;x;
1783;96;176;64;WASTE_1783;x;
1784;64;240;96;WASTE_1784;x;
1785;224;128;160;WASTE_1785;x;
1786;144;240;16;WASTE_1786;x;
1787;160;192;176;WASTE_1787;x;
1788;64;176;160;WASTE_1788;x;
1789;48;112;112;WASTE_1789;x;
1790;96;176;176;WASTE_1790;x;
1791;208;80;32;WASTE_1791;x;
1792;80;64;208;WASTE_1792;x;
1793;144;224;32;WASTE_1793;x;
1794;32;0;32;WASTE_1794;x;
1795;48;32;224;WASTE_1795;x;
1796;0;240;240;WASTE_1796;x;
1797;0;96;128;WASTE_1797;x;
1798;96;240;240;WASTE_1798;x;
1799;80;208;128;WASTE_1799;x;
1800;0;176;128;WASTE_1800;x;
1801;176;64;96;WASTE_1801;x;
1802;144;32;128;WASTE_1802;x;
1803;48;0;192;WASTE_1803;x;
1804;112;96;176;WASTE_1804;x;
1805;128;144;144;WASTE_1805;x;
1806;160;112;48;WASTE_1806;x;
1807;16;176;96;WASTE_1807;x;
1808;240;160;64;WASTE_1808;x;
1809;80;192;128;SEA_1809;x;
1810;32;160;32;SEA_1810;x;
1811;0;160;128;SEA_1811;x;
1812;144;32;0;SEA_1812;x;
1813;64;32;112;SEA_1813;x;
1814;64;0;128;SEA_1814;x;
1815;208;48;224;SEA_1815;x;
1816;160;160;64;SEA_1816;x;
1817;240;160;96;SEA_1817;x;
1818;32;0;96;SEA_1818;x;
1819;128;192;0;SEA_1819;x;
1820;128;0;176;SEA_1820;x;
1821;96;48;192;SEA_1821;x;
1822;224;32;176;SEA_1822;x;
1823;160;240;240;SEA_1823;x;
1824;16;112;80;SEA_1824;x;
1825;128;224;112;SEA_1825;x;
1826;80;224;128;SEA_1826;x;
1827;32;160;48;SEA_1827;x;
1828;176;64;64;SEA_1828;x;
1829;176;144;240;SEA_1829;x;
1830;0;160;48;SEA_1830;x;
1831;160;80;144;SEA_1831;x;
1832;16;192;64;SEA_1832;x;
1833;144;176;240;SEA_1833;x;
1834;64;192;240;SEA_1834;x;
1835;64;208;64;SEA_1835;x;
1836;32;224;224;SEA_1836;x;
1837;224;176;0;SEA_1837;x;
1838;224;80;128;SEA_1838;x;
1839;144;32;208;SEA_1839;x;
1840;240;176;128;SEA_1840;x;
1841;112;16;128;SEA_1841;x;
1842;96;160;64;SEA_1842;x;
1843;240;176;32;SEA_1843;x;
1844;192;128;112;SEA_1844;x;
1845;80;144;32;SEA_1845;x;
1846;240;64;112;SEA_1846;x;
1847;80;80;128;SEA_1847;x;
1848;192;112;192;SEA_1848;x;
1849;16;208;96;SEA_1849;x;
1850;0;48;176;SEA_1850;x;
1851;192;0;240;SEA_1851;x;
1852;240;144;96;SEA_1852;x;
1853;128;192;32;SEA_1853;x;
1854;16;80;128;SEA_1854;x;
1855;32;224;112;SEA_1855;x;
1856;160;64;32;SEA_1856;x;
1857;96;96;208;SEA_1857;x;
1858;224;48;208;SEA_1858;x;
1859;80;80;32;SEA_1859;x;
1860;208;128;96;SEA_1860;x;
1861;32;128;48;SEA_1861;x;
1862;80;176;96;SEA_1862;x;
1863;240;192;208;SEA_1863;x;
1864;112;32;192;SEA_1864;x;
1865;160;224;208;SEA_1865;x;
1866;0;176;160;SEA_1866;x;
1867;128;176;224;SEA_1867;x;
1868;160;224;224;SEA_1868;x;
1869;160;144;240;SEA_1869;x;
1870;0;112;0;SEA_1870;x;
1871;224;240;208;SEA_1871;x;
1872;224;144;80;SEA_1872;x;
1873;64;112;144;SEA_1873;x;
1874;112;208;0;SEA_1874;x;
1875;208;128;192;SEA_1875;x;
1876;48;48;48;SEA_1876;x;
1877;112;48;0;SEA_1877;x;
1878;16;192;96;SEA_1878;x;
1879;16;128;208;SEA_1879;x;
1880;240;224;240;SEA_1880;x;
1881;128;112;16;SEA_1881;x;
1882;224;208;48;SEA_1882;x;
1883;96;144;144;SEA_1883;x;
1884;0;208;192;SEA_1884;x;
1885;48;192;208;SEA_1885;x;
1886;96;64;208;SEA_1886;x;
1887;176;112;224;SEA_1887;x;
1888;128;128;240;SEA_1888;x;
1889;80;240;48;SEA_1889;x;
1890;240;128;176;SEA_1890;x;
1891;208;48;208;SEA_1891;x;
1892;240;64;80;SEA_1892;x;
1893;96;192;208;SEA_1893;x;
1894;160;160;192;SEA_1894;x;
1895;176;64;240;SEA_1895;x;
1896;48;112;224;SEA_1896;x;
1897;144;48;208;SEA_1897;x;
1898;80;240;16;SEA_1898;x;
1899;16;240;48;SEA_1899;x;
1900;96;0;112;SEA_1900;x;
1901;96;176;240;SEA_1901;x;
1902;0;32;192;SEA_1902;x;
1903;240;192;64;SEA_1903;x;
1904;240;128;224;SEA_1904;x;
1905;16;144;96;SEA_1905;x;
1906;208;240;64;SEA_1906;x;
1907;32;16;80;SEA_1907;x;
1908;96;144;192;SEA_1908;x;
1909;240;208;112;SEA_1909;x;
1910;192;48;0;SEA_1910;x;
1911;176;224;128;SEA_1911;x;
1912;160;16;208;SEA_1912;x;
1913;240;240;64;SEA_1913;x;
1914;240;80;224;SEA_1914;x;
1915;48;128;32;SEA_1915;x;
1916;128;32;112;SEA_1916;x;
1917;128;176;80;SEA_1917;x;
1918;64;64;48;SEA_1918;x;
1919;208;240;0;SEA_1919;x;
1920;32;128;160;SEA_1920;x;
1921;64;112;240;SEA_1921;x;
1922;48;96;112;SEA_1922;x;
1923;144;64;80;SEA_1923;x;
1924;224;112;208;SEA_1924;x;
1925;224;224;240;SEA_1925;x;
1926;160;208;160;SEA_1926;x;
1927;112;32;64;SEA_1927;x;
1928;240;208;144;SEA_1928;x;
1929;96;32;224;SEA_1929;x;
1930;48;0;224;SEA_1930;x;
1931;208;64;128;SEA_1931;x;
1932;160;112;32;SEA_1932;x;
1933;192;32;128;SEA_1933;x;
1934;80;240;176;SEA_1934;x;
1935;192;96;144;SEA_1935;x;
1936;48;32;48;SEA_1936;x;
1937;224;0;96;SEA_1937;x;
1938;16;32;112;SEA_1938;x;
1939;192;192;240;SEA_1939;x;
1940;80;16;96;SEA_1940;x;
1941;144;96;16;SEA_1941;x;
1942;0;112;240;SEA_1942;x;
1943;32;32;128;SEA_1943;x;
1944;208;80;240;SEA_1944;x;
1945;176;208;80;SEA_1945;x;
1946;224;176;192;SEA_1946;x;
1947;64;144;96;SEA_1947;x;
1948;208;144;160;SEA_1948;x;
1949;48;224;176;SEA_1949;x;
1950;160;96;16;SEA_1950;x;
1951;64;96;48;SEA_1951;x;
1952;144;16;16;SEA_1952;x;
1953;240;16;240;SEA_1953;x;
1954;16;240;96;SEA_1954;x;
1955;224;160;32;SEA_1955;x;
1956;224;80;208;SEA_1956;x;
1957;0;128;192;SEA_1957;x;
1958;176;112;240;SEA_1958;x;
1959;64;112;160;SEA_1959;x;
1960;224;128;32;SEA_1960;x;
1961;208;80;192;SEA_1961;x;
1962;160;0;160;SEA_1962;x;
1963;112;240;48;SEA_1963;x;
1964;112;128;160;SEA_1964;x;
1965;96;112;80;SEA_1965;x;
1966;176;0;240;SEA_1966;x;
1967;144;144;176;SEA_1967;x;
1968;224;96;176;SEA_1968;x;
1969;48;208;160;SEA_1969;x;
1970;144;176;32;SEA_1970;x;
1971;48;208;112;SEA_1971;x;
1972;240;80;64;SEA_1972;x;
1973;160;96;128;SEA_1973;x;
1974;96;48;208;SEA_1974;x;
1975;80;32;176;SEA_1975;x;
1976;80;80;224;SEA_1976;x;
1977;144;112;208;SEA_1977;x;
1978;96;32;32;SEA_1978;x;
1979;96;240;16;SEA_1979;x;
1980;160;192;192;SEA_1980;x;
1981;112;240;80;SEA_1981;x;
1982;160;80;16;SEA_1982;x;
1983;128;160;32;SEA_1983;x;
1984;32;64;64;SEA_1984;x;
1985;48;224;160;SEA_1985;x;
1986;48;64;64;SEA_1986;x;
1987;64;32;128;SEA_1987;x;
1988;240;0;160;SEA_1988;x;
1989;176;0;224;SEA_1989;x;
1990;80;128;32;SEA_1990;x;
1991;32;32;192;SEA_1991;x;
1992;64;48;144;SEA_1992;x;
1993;144;240;96;SEA_1993;x;
1994;112;64;64;SEA_1994;x;
1995;64;160;176;SEA_1995;x;
1996;48;224;224;SEA_1996;x;
1997;160;96;160;SEA_1997;x;
1998;192;0;48;SEA_1998;x;
1999;112;16;112;SEA_1999;x;
2000;96;0;80;SEA_2000;x;
2001;208;144;240;SEA_2001;x;
2002;112;64;96;SEA_2002;x;
2003;48;176;160;SEA_2003;x;
2004;224;96;224;SEA_2004;x;
2005;192;144;128;SEA_2005;x;
2006;112;32;48;SEA_2006;x;
2007;192;32;208;SEA_2007;x;
2008;160;32;208;SEA_2008;x;
2009;16;48;144;SEA_2009;x;
2010;16;192;144;SEA_2010;x;
2011;160;144;80;SEA_2011;x;
2012;224;48;48;SEA_2012;x;
2013;160;96;192;SEA_2013;x;
2014;224;80;80;SEA_2014;x;
2015;176;176;64;SEA_2015;x;
2016;80;0;80;SEA_2016;x;
2017;96;0;192;SEA_2017;x;
2018;128;112;160;SEA_2018;x;
2019;160;48;96;SEA_2019;x;
2020;144;112;128;SEA_2020;x;
2021;80;48;32;SEA_2021;x;
2022;240;32;80;SEA_2022;x;
2023;112;64;0;SEA_2023;x;
2024;0;64;96;SEA_2024;x;
2025;208;240;80;SEA_2025;x;
2026;224;64;112;SEA_2026;x;
2027;128;208;64;SEA_2027;x;
2028;96;48;112;SEA_2028;x;
2029;32;176;160;SEA_2029;x;
2030;80;16;144;SEA_2030;x;
2031;32;192;224;SEA_2031;x;
2032;176;160;160;SEA_2032;x;
2033;240;240;0;SEA_2033;x;
2034;240;112;16;SEA_2034;x;
2035;128;96;48;SEA_2035;x;
2036;48;192;32;SEA_2036;x;
2037;0;64;80;SEA_2037;x;
2038;208;128;176;SEA_2038;x;
2039;144;176;80;SEA_2039;x;
2040;208;192;176;SEA_2040;x;
2041;240;224;48;SEA_2041;x;
2042;176;80;80;SEA_2042;x;
2043;80;32;192;SEA_2043;x;
2044;80;96;176;SEA_2044;x;
2045;32;224;192;SEA_2045;x;
2046;160;64;208;SEA_2046;x;
2047;32;112;0;SEA_2047;x;
2048;208;112;80;SEA_2048;x;
2049;240;112;48;SEA_2049;x;
2050;0;192;0;SEA_2050;x;
2051;80;96;112;SEA_2051;x;
2052;192;128;224;SEA_2052;x;
2053;224;48;80;SEA_2053;x;
2054;160;176;176;SEA_2054;x;
2055;192;160;16;SEA_2055;x;
2056;240;208;160;SEA_2056;x;
2057;160;208;144;SEA_2057;x;
2058;160;112;160;SEA_2058;x;
2059;112;160;96;SEA_2059;x;
2060;32;192;208;SEA_2060;x;
2061;0;208;240;SEA_2061;x;
2062;208;240;32;SEA_2062;x;
2063;208;176;240;SEA_2063;x;
2064;0;112;176;SEA_2064;x;
2065;16;96;176;SEA_2065;x;
2066;112;32;16;SEA_2066;x;
2067;16;112;176;SEA_2067;x;
2068;160;80;160;SEA_2068;x;
2069;64;192;16;SEA_2069;x;
2070;160;96;80;SEA_2070;x;
2071;32;160;64;SEA_2071;x;
2072;96;80;96;SEA_2072;x;
2073;176;176;208;SEA_2073;x;
2074;176;112;128;SEA_2074;x;
2075;128;64;112;SEA_2075;x;
2076;240;64;144;SEA_2076;x;
2077;64;32;208;SEA_2077;x;
2078;112;128;112;SEA_2078;x;
2079;128;0;208;SEA_2079;x;
2080;112;0;176;SEA_2080;x;
2081;0;80;64;SEA_2081;x;
2082;96;0;16;SEA_2082;x;
2083;160;112;0;SEA_2083;x;
2084;0;128;48;SEA_2084;x;
2085;224;64;48;SEA_2085;x;
2086;16;48;208;SEA_2086;x;
2087;80;80;48;SEA_2087;x;
2088;128;80;96;SEA_2088;x;
2089;160;16;144;SEA_2089;x;
2090;160;64;80;SEA_2090;x;
2091;224;112;176;SEA_2091;x;
2092;96;16;128;SEA_2092;x;
2093;16;96;0;SEA_2093;x;
2094;128;224;80;SEA_2094;x;
2095;240;112;112;SEA_2095;x;
2096;176;32;160;SEA_2096;x;
2097;208;192;160;SEA_2097;x;
2098;208;224;64;SEA_2098;x;
2099;0;16;16;SEA_2099;x;
2100;176;176;240;SEA_2100;x;
2101;208;0;240;SEA_2101;x;
2102;176;144;32;SEA_2102;x;
2103;0;16;112;SEA_2103;x;
2104;208;144;128;SEA_2104;x;
2105;144;240;32;SEA_2105;x;
2106;192;160;80;SEA_2106;x;
2107;48;48;0;SEA_2107;x;
2108;0;128;128;SEA_2108;x;
2109;192;0;96;SEA_2109;x;
2110;224;224;144;SEA_2110;x;
2111;96;80;32;SEA_2111;x;
2112;0;192;16;SEA_2112;x;
2113;192;80;48;SEA_2113;x;
2114;224;16;64;SEA_2114;x;
2115;0;176;96;SEA_2115;x;
2116;192;208;64;SEA_2116;x;
2117;96;240;160;SEA_2117;x;
2118;64;160;128;SEA_2118;x;
2119;160;16;128;SEA_2119;x;
2120;208;32;96;SEA_2120;x;
2121;192;0;32;SEA_2121;x;
2122;0;32;128;SEA_2122;x;
2123;48;240;16;SEA_2123;x;
2124;240;96;144;SEA_2124;x;
2125;112;176;0;SEA_2125;x;
2126;32;0;80;SEA_2126;x;
2127;224;64;144;SEA_2127;x;
2128;96;64;48;SEA_2128;x;
2129;176;48;32;SEA_2129;x;
2130;240;240;96;SEA_2130;x;
2131;208;64;224;SEA_2131;x;
2132;16;0;48;SEA_2132;x;
2133;16;112;160;SEA_2133;x;
2134;128;112;224;SEA_2134;x;
2135;0;128;64;SEA_2135;x;
2136;112;176;176;SEA_2136;x;
2137;64;16;112;SEA_2137;x;
2138;48;80;128;SEA_2138;x;
2139;224;240;96;SEA_2139;x;
2140;208;224;80;SEA_2140;x;
2141;208;224;32;SEA_2141;x;
2142;96;128;80;SEA_2142;x;
2143;128;208;160;SEA_2143;x;
2144;96;16;32;SEA_2144;x;
2145;96;32;240;SEA_2145;x;
2146;160;80;48;SEA_2146;x;
2147;32;48;208;SEA_2147;x;
2148;48;16;176;SEA_2148;x;
2149;64;144;64;SEA_2149;x;
2150;48;32;32;SEA_2150;x;
2151;112;144;224;SEA_2151;x;
2152;192;144;192;SEA_2152;x;
2153;64;16;160;SEA_2153;x;
2154;80;64;80;SEA_2154;x;
2155;112;48;80;SEA_2155;x;
2156;192;176;224;SEA_2156;x;
2157;160;96;32;SEA_2157;x;
2158;32;144;0;SEA_2158;x;
2159;224;240;128;SEA_2159;x;
2160;64;144;80;SEA_2160;x;
2161;224;192;144;SEA_2161;x;
2162;224;80;64;SEA_2162;x;
2163;208;0;48;SEA_2163;x;
2164;128;80;48;SEA_2164;x;
2165;96;64;16;SEA_2165;x;
2166;176;64;192;SEA_2166;x;
2167;32;240;80;SEA_2167;x;
2168;112;32;32;SEA_2168;x;
2169;0;208;160;SEA_2169;x;
2170;208;160;32;SEA_2170;x;
2171;224;0;144;SEA_2171;x;
2172;80;16;112;SEA_2172;x;
2173;80;112;48;SEA_2173;x;
2174;144;16;0;SEA_2174;x;
2175;48;32;64;SEA_2175;x;
2176;208;112;32;SEA_2176;x;
2177;32;48;176;SEA_2177;x;
2178;96;112;32;SEA_2178;x;
2179;144;224;64;SEA_2179;x;
2180;16;160;240;SEA_2180;x;
2181;96;96;128;SEA_2181;x;
2182;80;192;64;SEA_2182;x;
2183;112;0;208;SEA_2183;x;
2184;96;112;112;SEA_2184;x;
2185;224;192;240;SEA_2185;x;
2186;128;128;208;SEA_2186;x;
2187;16;128;240;SEA_2187;x;
2188;48;208;48;SEA_2188;x;
2189;144;0;48;SEA_2189;x;
2190;192;240;112;SEA_2190;x;
2191;64;144;208;SEA_2191;x;
2192;96;48;0;SEA_2192;x;
2193;192;0;160;SEA_2193;x;
2194;160;240;128;SEA_2194;x;
2195;64;48;240;SEA_2195;x;
2196;16;192;224;SEA_2196;x;
2197;64;144;160;SEA_2197;x;
2198;16;192;128;SEA_2198;x;
2199;80;80;0;SEA_2199;x;
2200;48;64;16;SEA_2200;x;
2201;160;64;128;SEA_2201;x;
2202;144;64;160;SEA_2202;x;
2203;96;80;224;SEA_2203;x;
2204;0;144;48;SEA_2204;x;
2205;176;144;144;SEA_2205;x;
2206;32;80;0;SEA_2206;x;
2207;112;96;16;SEA_2207;x;
2208;240;224;0;SEA_2208;x;
2209;176;128;0;SEA_2209;x;
2210;0;64;208;SEA_2210;x;
2211;32;240;208;SEA_2211;x;
2212;48;112;128;SEA_2212;x;
2213;144;0;192;SEA_2213;x;
2214;144;64;32;SEA_2214;x;
2215;224;128;80;SEA_2215;x;
2216;64;176;144;SEA_2216;x;
2217;144;192;192;SEA_2217;x;
2218;160;32;128;SEA_2218;x;
2219;128;80;240;SEA_2219;x;
2220;16;48;224;SEA_2220;x;
2221;96;208;80;SEA_2221;x;
2222;48;128;16;SEA_2222;x;
2223;64;240;176;SEA_2223;x;
2224;128;128;112;SEA_2224;x;
2225;208;64;16;SEA_2225;x;
2226;128;240;16;SEA_2226;x;
2227;32;64;16;SEA_2227;x;
2228;208;160;176;SEA_2228;x;
2229;16;160;144;SEA_2229;x;
2230;192;144;96;SEA_2230;x;
2231;0;112;64;SEA_2231;x;
2232;144;224;16;SEA_2232;x;
2233;96;112;128;SEA_2233;x;
2234;32;32;48;SEA_2234;x;
2235;160;128;208;SEA_2235;x;
2236;80;48;192;SEA_2236;x;
2237;176;176;176;SEA_2237;x;
2238;208;144;64;SEA_2238;x;
2239;0;160;16;SEA_2239;x;
2240;96;176;192;SEA_2240;x;
2241;112;96;128;SEA_2241;x;
2242;112;0;144;SEA_2242;x;
2243;32;112;240;SEA_2243;x;
2244;176;112;112;SEA_2244;x;
2245;112;48;144;SEA_2245;x;
2246;48;192;224;SEA_2246;x;
2247;16;128;144;SEA_2247;x;
2248;160;160;0;SEA_2248;x;
2249;64;240;192;SEA_2249;x;
2250;208;64;160;SEA_2250;x;
2251;16;48;16;SEA_2251;x;
2252;32;16;48;SEA_2252;x;
2253;48;112;0;SEA_2253;x;
2254;144;240;144;SEA_2254;x;
2255;224;128;208;SEA_2255;x;
2256;112;16;48;SEA_2256;x;
2257;48;240;48;SEA_2257;x;
2258;128;160;112;SEA_2258;x;
2259;160;160;16;SEA_2259;x;
2260;112;144;0;SEA_2260;x;
2261;144;224;128;SEA_2261;x;
2262;240;208;96;SEA_2262;x;
2263;192;160;176;SEA_2263;x;
2264;208;16;0;SEA_2264;x;
2265;96;224;80;SEA_2265;x;
2266;0;160;112;SEA_2266;x;
2267;64;96;0;SEA_2267;x;
2268;128;0;32;SEA_2268;x;
2269;240;160;224;SEA_2269;x;
2270;128;160;176;SEA_2270;x;
2271;128;144;96;SEA_2271;x;
2272;80;64;32;SEA_2272;x;
2273;144;112;112;SEA_2273;x;
2274;128;48;160;SEA_2274;x;
2275;32;176;80;SEA_2275;x;
2276;176;32;144;SEA_2276;x;
2277;240;160;192;SEA_2277;x;
2278;48;48;96;SEA_2278;x;
2279;240;176;80;SEA_2279;x;
2280;0;32;112;SEA_2280;x;
2281;240;160;208;SEA_2281;x;
2282;112;112;48;SEA_2282;x;
2283;32;0;128;SEA_2283;x;
2284;80;224;160;SEA_2284;x;
2285;48;208;96;SEA_2285;x;
2286;32;80;224;SEA_2286;x;
2287;16;176;224;SEA_2287;x;
2288;128;128;224;SEA_2288;x;
2289;0;80;176;SEA_2289;x;
2290;80;96;240;SEA_2290;x;
2291;0;80;80;SEA_2291;x;
2292;64;48;32;SEA_2292;x;
2293;176;128;144;SEA_2293;x;
2294;48;64;144;SEA_2294;x;
2295;224;96;208;SEA_2295;x;
2296;160;96;224;SEA_2296;x;
2297;80;224;32;SEA_2297;x;
2298;0;240;112;SEA_2298;x;
2299;80;192;32;SEA_2299;x;
2300;112;112;176;SEA_2300;x;
2301;176;80;48;SEA_2301;x;
2302;0;224;208;SEA_2302;x;
2303;128;208;208;SEA_2303;x;
2304;176;96;16;SEA_2304;x;
2305;0;128;176;SEA_2305;x;
2306;240;192;96;SEA_2306;x;
2307;240;224;80;SEA_2307;x;
2308;96;144;64;SEA_2308;x;
2309;16;176;80;SEA_2309;x;
2310;192;96;48;SEA_2310;x;
2311;176;144;64;SEA_2311;x;
2312;64;16;48;SEA_2312;x;
2313;48;96;176;SEA_2313;x;
2314;176;96;48;SEA_2314;x;
2315;64;160;96;SEA_2315;x;
2316;112;240;160;SEA_2316;x;
2317;240;16;176;SEA_2317;x;
2318;208;144;144;SEA_2318;x;
2319;128;48;16;SEA_2319;x;
2320;48;240;32;SEA_2320;x;
2321;64;144;32;SEA_2321;x;
2322;240;0;128;SEA_2322;x;
2323;128;96;224;SEA_2323;x;
2324;144;224;80;SEA_2324;x;
2325;48;128;240;SEA_2325;x;
2326;64;96;64;SEA_2326;x;
2327;144;32;176;SEA_2327;x;
2328;48;160;144;SEA_2328;x;
2329;96;224;32;SEA_2329;x;
2330;32;160;128;SEA_2330;x;
2331;64;128;96;SEA_2331;x;
2332;16;0;96;SEA_2332;x;
2333;176;224;224;SEA_2333;x;
2334;208;16;160;SEA_2334;x;
2335;0;128;144;SEA_2335;x;
2336;240;144;160;SEA_2336;x;
2337;240;208;48;SEA_2337;x;
2338;144;176;96;SEA_2338;x;
2339;32;192;96;SEA_2339;x;
2340;48;128;48;SEA_2340;x;
2341;64;208;48;SEA_2341;x;
2342;128;128;64;SEA_2342;x;
2343;112;208;32;SEA_2343;x;
2344;240;144;48;SEA_2344;x;
2345;144;32;112;SEA_2345;x;
2346;64;64;16;SEA_2346;x;
2347;160;176;224;SEA_2347;x;
2348;0;112;208;SEA_2348;x;
2349;128;144;112;SEA_2349;x;
2350;64;112;192;SEA_2350;x;
2351;64;144;0;SEA_2351;x;
2352;48;144;96;SEA_2352;x;
2353;80;64;240;SEA_2353;x;
2354;16;112;32;SEA_2354;x;
2355;240;112;96;SEA_2355;x;
2356;192;128;208;SEA_2356;x;
2357;0;112;144;SEA_2357;x;
2358;64;224;16;SEA_2358;x;
2359;144;240;0;SEA_2359;x;
2360;176;224;112;SEA_2360;x;
2361;192;96;32;SEA_2361;x;
2362;96;224;144;SEA_2362;x;
2363;16;112;48;SEA_2363;x;
2364;224;192;112;SEA_2364;x;
2365;112;48;128;SEA_2365;x;
2366;16;64;16;SEA_2366;x;
2367;64;192;80;SEA_2367;x;
2368;96;96;48;SEA_2368;x;
2369;16;224;16;SEA_2369;x;
2370;48;240;112;SEA_2370;x;
2371;128;224;160;SEA_2371;x;
2372;64;0;64;SEA_2372;x;
2373;112;160;16;SEA_2373;x;
2374;176;16;208;SEA_2374;x;
2375;0;208;224;SEA_2375;x;
2376;0;32;144;SEA_2376;x;
2377;176;240;96;SEA_2377;x;
2378;128;80;80;SEA_2378;x;
2379;0;32;80;SEA_2379;x;
2380;192;64;32;SEA_2380;x;
2381;160;224;144;SEA_2381;x;
2382;128;0;48;SEA_2382;x;
2383;96;96;80;SEA_2383;x;
2384;32;192;32;SEA_2384;x;
2385;240;96;192;SEA_2385;x;
2386;32;176;144;SEA_2386;x;
2387;32;112;16;SEA_2387;x;
2388;80;240;32;SEA_2388;x;
2389;64;240;0;SEA_2389;x;
2390;0;48;224;SEA_2390;x;
2391;144;64;64;SEA_2391;x;
2392;240;208;224;SEA_2392;x;
2393;16;128;32;SEA_2393;x;
2394;48;96;32;SEA_2394;x;
2395;16;224;192;SEA_2395;x;
2396;64;112;208;SEA_2396;x;
2397;240;160;48;SEA_2397;x;
2398;96;0;48;SEA_2398;x;
2399;48;64;192;SEA_2399;x;
2400;240;208;208;SEA_2400;x;
2401;80;112;0;SEA_2401;x;
2402;0;128;208;SEA_2402;x;
2403;240;160;240;SEA_2403;x;
2404;192;48;32;SEA_2404;x;
2405;32;96;224;SEA_2405;x;
2406;144;192;176;SEA_2406;x;
2407;128;240;32;SEA_2407;x;
2408;160;64;16;SEA_2408;x;
2409;48;80;144;SEA_2409;x;
2410;16;112;208;SEA_2410;x;
2411;144;80;0;SEA_2411;x;
2412;208;0;160;SEA_2412;x;
2413;16;240;192;SEA_2413;x;
2414;112;240;176;SEA_2414;x;
2415;208;128;240;SEA_2415;x;
2416;48;32;160;SEA_2416;x;
2417;80;64;48;SEA_2417;x;
2418;176;80;176;SEA_2418;x;
2419;48;176;176;SEA_2419;x;
2420;16;16;240;SEA_2420;x;
2421;64;208;208;SEA_2421;x;
2422;0;0;96;SEA_2422;x;
2423;240;80;160;SEA_2423;x;
2424;16;0;144;SEA_2424;x;
2425;240;96;224;SEA_2425;x;
2426;16;112;224;SEA_2426;x;
2427;32;224;144;SEA_2427;x;
2428;96;192;224;SEA_2428;x;
2429;128;176;96;SEA_2429;x;
2430;80;112;208;SEA_2430;x;
2431;64;128;160;SEA_2431;x;
2432;192;176;144;SEA_2432;x;
2433;112;192;224;SEA_2433;x;
2434;80;224;192;SEA_2434;x;
2435;224;128;224;SEA_2435;x;
2436;160;208;16;SEA_2436;x;
2437;144;0;32;SEA_2437;x;
2438;176;16;80;SEA_2438;x;
2439;192;224;160;SEA_2439;x;
2440;224;160;48;SEA_2440;x;
2441;32;16;32;SEA_2441;x;
2442;96;96;144;SEA_2442;x;
2443;0;64;144;SEA_2443;x;
2444;128;192;144;SEA_2444;x;
2445;192;160;0;SEA_2445;x;
2446;112;48;176;SEA_2446;x;
2447;240;96;112;SEA_2447;x;
2448;48;80;96;SEA_2448;x;
2449;48;128;144;SEA_2449;x;
2450;144;48;64;SEA_2450;x;
2451;208;80;128;SEA_2451;x;
2452;0;32;160;SEA_2452;x;
2453;128;240;240;SEA_2453;x;
2454;32;112;112;SEA_2454;x;
2455;64;192;224;SEA_2455;x;
2456;128;224;128;SEA_2456;x;
2457;112;32;208;SEA_2457;x;
2458;128;48;208;SEA_2458;x;
2459;80;64;144;SEA_2459;x;
2460;192;160;112;SEA_2460;x;
2461;144;128;80;SEA_2461;x;
2462;16;128;80;SEA_2462;x;
2463;144;48;112;SEA_2463;x;
2464;224;16;224;SEA_2464;x;
2465;240;144;0;SEA_2465;x;
2466;208;0;16;SEA_2466;x;
2467;176;32;176;SEA_2467;x;
2468;0;240;144;SEA_2468;x;
2469;192;16;224;SEA_2469;x;
2470;128;144;176;SEA_2470;x;
2471;0;208;112;SEA_2471;x;
2472;96;160;32;SEA_2472;x;
2473;160;160;128;SEA_2473;x;
2474;32;0;144;SEA_2474;x;
2475;128;96;128;SEA_2475;x;
2476;64;96;208;SEA_2476;x;
2477;192;64;16;SEA_2477;x;
2478;192;32;240;SEA_2478;x;
2479;240;112;192;SEA_2479;x;
2480;192;176;240;SEA_2480;x;
2481;80;240;160;SEA_2481;x;
2482;128;192;80;SEA_2482;x;
2483;32;224;16;SEA_2483;x;
2484;224;160;176;SEA_2484;x;
2485;80;96;160;SEA_2485;x;
2486;16;208;112;SEA_2486;x;
2487;112;64;176;SEA_2487;x;
2488;96;144;96;SEA_2488;x;
2489;240;160;176;SEA_2489;x;
2490;80;144;224;SEA_2490;x;
2491;192;192;208;SEA_2491;x;
2492;48;128;80;SEA_2492;x;
2493;96;192;112;SEA_2493;x;
2494;224;208;0;SEA_2494;x;
2495;32;240;224;SEA_2495;x;
2496;224;176;64;SEA_2496;x;
2497;128;112;112;SEA_2497;x;
2498;32;0;176;SEA_2498;x;
2499;144;80;224;SEA_2499;x;
2500;208;176;192;SEA_2500;x;
2501;80;176;160;SEA_2501;x;
2502;144;144;192;SEA_2502;x;
2503;16;240;128;SEA_2503;x;
2504;112;32;128;SEA_2504;x;
2505;0;96;240;SEA_2505;x;
2506;144;208;224;SEA_2506;x;
2507;96;128;0;SEA_2507;x;
2508;16;192;80;SEA_2508;x;
2509;48;48;160;SEA_2509;x;
2510;160;208;192;SEA_2510;x;
2511;48;0;112;SEA_2511;x;
2512;224;144;160;SEA_2512;x;
2513;240;192;112;SEA_2513;x;
2514;240;192;160;SEA_2514;x;
2515;80;208;80;SEA_2515;x;
2516;224;32;128;SEA_2516;x;
2517;240;208;64;SEA_2517;x;
2518;112;128;80;SEA_2518;x;
2519;0;64;48;SEA_2519;x;
2520;224;208;208;SEA_2520;x;
2521;64;208;80;SEA_2521;x;
2522;32;64;224;SEA_2522;x;
2523;96;224;128;SEA_2523;x;
2524;112;144;240;SEA_2524;x;
2525;128;96;96;SEA_2525;x;
2526;32;64;80;SEA_2526;x;
2527;80;80;96;SEA_2527;x;
2528;0;80;128;SEA_2528;x;
2529;128;32;192;SEA_2529;x;
2530;192;144;48;SEA_2530;x;
2531;16;128;224;SEA_2531;x;
2532;192;192;160;SEA_2532;x;
2533;128;96;16;SEA_2533;x;
2534;64;128;64;SEA_2534;x;
2535;160;176;240;SEA_2535;x;
2536;112;16;64;SEA_2536;x;
2537;144;32;160;SEA_2537;x;
2538;224;176;112;SEA_2538;x;
2539;192;192;64;SEA_2539;x;
2540;192;32;112;SEA_2540;x;
2541;160;32;64;SEA_2541;x;
2542;208;64;0;SEA_2542;x;
2543;240;64;96;SEA_2543;x;
2544;224;176;176;SEA_2544;x;
2545;128;80;128;SEA_2545;x;
2546;16;48;128;SEA_2546;x;
2547;16;0;224;SEA_2547;x;
2548;16;64;128;SEA_2548;x;
2549;160;80;32;SEA_2549;x;
2550;112;224;192;SEA_2550;x;
2551;192;96;80;SEA_2551;x;
2552;128;64;208;SEA_2552;x;
2553;240;64;32;SEA_2553;x;
2554;64;192;112;SEA_2554;x;
2555;16;48;64;SEA_2555;x;
2556;32;240;240;SEA_2556;x;
2557;144;192;144;SEA_2557;x;
2558;208;240;224;SEA_2558;x;
2559;128;208;128;SEA_2559;x;
2560;0;208;16;SEA_2560;x;
2561;128;64;96;SEA_2561;x;
2562;96;112;192;SEA_2562;x;
2563;32;48;48;SEA_2563;x;
2564;48;128;0;SEA_2564;x;
2565;32;48;0;SEA_2565;x;
2566;144;208;128;SEA_2566;x;
2567;176;128;96;SEA_2567;x;
2568;32;80;144;SEA_2568;x;
2569;224;0;0;SEA_2569;x;
2570;48;96;0;SEA_2570;x;
2571;224;224;16;SEA_2571;x;
2572;16;176;16;SEA_2572;x;
2573;240;240;112;SEA_2573;x;
2574;112;64;144;SEA_2574;x;
2575;208;176;144;SEA_2575;x;
2576;96;224;240;SEA_2576;x;
2577;112;176;208;SEA_2577;x;
2578;192;16;176;SEA_2578;x;
2579;176;240;80;SEA_2579;x;
2580;192;96;16;SEA_2580;x;
2581;0;192;160;SEA_2581;x;
2582;16;80;16;SEA_2582;x;
2583;208;32;0;SEA_2583;x;
2584;144;240;48;SEA_2584;x;
2585;240;0;208;SEA_2585;x;
2586;48;112;64;SEA_2586;x;
2587;48;32;16;SEA_2587;x;
2588;240;224;144;SEA_2588;x;
2589;224;96;0;SEA_2589;x;
2590;112;80;160;SEA_2590;x;
2591;128;16;128;SEA_2591;x;
2592;32;64;192;SEA_2592;x;
2593;32;0;112;SEA_2593;x;
2594;144;224;224;SEA_2594;x;
2595;80;96;144;SEA_2595;x;
2596;32;64;240;SEA_2596;x;
2597;192;16;64;SEA_2597;x;
2598;48;0;64;SEA_2598;x;
2599;144;160;192;SEA_2599;x;
2600;160;0;64;SEA_2600;x;
2601;160;224;64;SEA_2601;x;
2602;64;208;176;SEA_2602;x;
2603;176;144;48;SEA_2603;x;
2604;208;224;0;SEA_2604;x;
2605;128;16;192;SEA_2605;x;
2606;112;176;160;SEA_2606;x;
2607;48;208;64;SEA_2607;x;
2608;128;96;160;SEA_2608;x;
2609;192;160;240;SEA_2609;x;
2610;96;176;16;SEA_2610;x;
2611;192;128;48;SEA_2611;x;
2612;32;224;80;SEA_2612;x;
2613;224;64;176;SEA_2613;x;
2614;128;16;224;SEA_2614;x;
2615;128;160;64;SEA_2615;x;
2616;160;32;0;SEA_2616;x;
2617;224;144;16;SEA_2617;x;
2618;224;224;176;SEA_2618;x;
2619;208;48;0;SEA_2619;x;
2620;240;0;96;SEA_2620;x;
2621;80;160;32;SEA_2621;x;
2622;128;0;224;SEA_2622;x;
2623;128;0;16;SEA_2623;x;
2624;128;64;176;SEA_2624;x;
2625;80;224;0;SEA_2625;x;
2626;128;176;128;SEA_2626;x;
2627;16;0;0;SEA_2627;x;
2628;32;240;128;SEA_2628;x;
2629;80;208;224;SEA_2629;x;
2630;112;144;96;SEA_2630;x;
2631;192;32;80;SEA_2631;x;
2632;144;224;0;SEA_2632;x;
2633;32;240;48;SEA_2633;x;
2634;192;224;144;SEA_2634;x;
2635;96;48;128;SEA_2635;x;
2636;32;80;80;SEA_2636;x;
2637;0;128;96;SEA_2637;x;
2638;16;240;64;SEA_2638;x;
2639;32;208;80;SEA_2639;x;
2640;80;112;224;SEA_2640;x;
2641;160;0;224;SEA_2641;x;
2642;16;64;224;SEA_2642;x;
2643;112;208;64;SEA_2643;x;
2644;128;48;112;SEA_2644;x;
2645;48;192;112;SEA_2645;x;
2646;112;0;96;SEA_2646;x;
2647;144;32;144;SEA_2647;x;
2648;160;32;192;SEA_2648;x;
2649;208;0;176;SEA_2649;x;
2650;176;80;32;SEA_2650;x;
2651;176;208;16;SEA_2651;x;
2652;160;32;224;SEA_2652;x;
2653;96;144;208;SEA_2653;x;
2654;96;160;0;SEA_2654;x;
2655;240;80;16;SEA_2655;x;
2656;160;0;16;SEA_2656;x;
2657;96;64;80;SEA_2657;x;
2658;48;48;144;SEA_2658;x;
2659;176;0;208;SEA_2659;x;
2660;64;96;112;SEA_2660;x;
2661;144;160;0;SEA_2661;x;
2662;192;112;32;SEA_2662;x;
2663;160;48;112;SEA_2663;x;
2664;192;176;0;SEA_2664;x;
2665;144;160;64;SEA_2665;x;
2666;96;128;96;SEA_2666;x;
2667;80;144;192;SEA_2667;x;
2668;16;224;160;SEA_2668;x;
2669;48;192;160;SEA_2669;x;
2670;80;80;160;SEA_2670;x;
2671;112;32;144;SEA_2671;x;
2672;64;176;224;SEA_2672;x;
2673;176;96;128;SEA_2673;x;
2674;64;176;0;SEA_2674;x;
2675;192;48;16;SEA_2675;x;
2676;32;176;64;SEA_2676;x;
2677;240;176;192;SEA_2677;x;
2678;32;96;64;SEA_2678;x;
2679;0;144;96;SEA_2679;x;
2680;48;208;0;SEA_2680;x;
2681;48;192;16;SEA_2681;x;
2682;32;16;128;SEA_2682;x;
2683;240;64;128;SEA_2683;x;
2684;208;16;32;SEA_2684;x;
2685;192;128;32;SEA_2685;x;
2686;0;32;176;SEA_2686;x;
2687;16;144;144;SEA_2687;x;
2688;192;224;224;SEA_2688;x;
2689;48;224;0;SEA_2689;x;
2690;16;96;64;SEA_2690;x;
2691;240;48;176;SEA_2691;x;
2692;208;64;32;SEA_2692;x;
2693;176;64;144;SEA_2693;x;
2694;240;240;224;SEA_2694;x;
2695;240;224;160;SEA_2695;x;
2696;144;144;64;SEA_2696;x;
2697;64;128;144;SEA_2697;x;
2698;128;112;80;SEA_2698;x;
2699;128;224;208;SEA_2699;x;
2700;240;96;32;SEA_2700;x;
2701;80;224;48;SEA_2701;x;
2702;208;240;96;SEA_2702;x;
2703;48;176;192;SEA_2703;x;
2704;192;240;176;SEA_2704;x;
2705;144;192;80;SEA_2705;x;
2706;0;0;128;SEA_2706;x;
2707;16;208;144;SEA_2707;x;
2708;32;96;128;SEA_2708;x;
2709;208;128;0;SEA_2709;x;
2710;224;64;240;SEA_2710;x;
2711;96;48;80;SEA_2711;x;
2712;128;64;240;SEA_2712;x;
2713;160;208;208;SEA_2713;x;
2714;144;208;208;SEA_2714;x;
2715;128;32;128;SEA_2715;x;
2716;128;224;144;SEA_2716;x;
2717;64;16;96;SEA_2717;x;
2718;112;32;96;SEA_2718;x;
2719;160;16;64;SEA_2719;x;
2720;48;240;96;SEA_2720;x;
2721;144;240;208;SEA_2721;x;
2722;224;112;96;SEA_2722;x;
2723;112;48;32;SEA_2723;x;
2724;32;96;240;SEA_2724;x;
2725;112;80;112;SEA_2725;x;
2726;192;64;112;SEA_2726;x;
2727;208;192;224;SEA_2727;x;
2728;208;32;192;SEA_2728;x;
2729;96;32;48;SEA_2729;x;
2730;32;144;64;SEA_2730;x;
2731;160;224;96;SEA_2731;x;
2732;16;160;192;SEA_2732;x;
2733;16;160;128;SEA_2733;x;
2734;176;112;16;SEA_2734;x;
2735;208;32;80;SEA_2735;x;
2736;0;208;64;SEA_2736;x;
2737;144;16;32;SEA_2737;x;
2738;32;128;240;SEA_2738;x;
2739;208;176;224;SEA_2739;x;
2740;176;80;16;SEA_2740;x;
2741;192;80;208;SEA_2741;x;
2742;144;160;32;SEA_2742;x;
2743;96;80;0;SEA_2743;x;
2744;208;224;96;SEA_2744;x;
2745;176;48;176;SEA_2745;x;
2746;64;224;192;SEA_2746;x;
2747;32;208;112;SEA_2747;x;
2748;144;48;160;SEA_2748;x;
2749;64;0;208;SEA_2749;x;
2750;176;192;0;SEA_2750;x;
2751;48;0;32;SEA_2751;x;
2752;48;64;96;SEA_2752;x;
2753;176;144;0;SEA_2753;x;
2754;144;224;160;SEA_2754;x;
2755;176;80;192;SEA_2755;x;
2756;208;32;48;SEA_2756;x;
2757;16;80;112;SEA_2757;x;
2758;64;64;144;SEA_2758;x;
2759;64;64;208;SEA_2759;x;
2760;112;32;80;SEA_2760;x;
2761;128;0;64;SEA_2761;x;
2762;240;112;160;SEA_2762;x;
2763;96;192;128;SEA_2763;x;
2764;224;128;192;SEA_2764;x;
2765;16;96;48;SEA_2765;x;
2766;64;32;80;SEA_2766;x;
2767;128;160;192;SEA_2767;x;
2768;0;16;160;SEA_2768;x;
2769;64;80;32;SEA_2769;x;
2770;96;32;96;SEA_2770;x;
2771;160;160;32;SEA_2771;x;
2772;48;64;208;SEA_2772;x;
2773;48;96;192;SEA_2773;x;
2774;96;96;64;SEA_2774;x;
2775;224;80;240;SEA_2775;x;
2776;48;80;192;SEA_2776;x;
2777;160;240;64;SEA_2777;x;
2778;96;240;192;SEA_2778;x;
2779;48;48;128;SEA_2779;x;
2780;112;16;192;SEA_2780;x;
2781;112;96;160;SEA_2781;x;
2782;64;112;48;SEA_2782;x;
2783;176;160;176;SEA_2783;x;
2784;176;128;240;SEA_2784;x;
2785;16;64;0;SEA_2785;x;
2786;64;0;224;SEA_2786;x;
2787;16;240;16;SEA_2787;x;
2788;224;32;208;SEA_2788;x;
2789;48;96;96;SEA_2789;x;
2790;224;16;80;SEA_2790;x;
2791;240;32;192;SEA_2791;x;
2792;16;96;32;SEA_2792;x;
2793;176;48;48;SEA_2793;x;
2794;80;240;96;SEA_2794;x;
2795;160;240;112;SEA_2795;x;
2796;144;144;96;SEA_2796;x;
2797;48;176;112;SEA_2797;x;
2798;32;112;48;SEA_2798;x;
2799;224;224;208;SEA_2799;x;
2800;16;0;32;SEA_2800;x;
2801;144;80;32;SEA_2801;x;
2802;192;224;240;SEA_2802;x;
2803;208;224;112;SEA_2803;x;
2804;0;224;128;SEA_2804;x;
2805;16;240;176;SEA_2805;x;
2806;0;176;32;SEA_2806;x;
2807;224;80;16;SEA_2807;x;
2808;64;80;176;SEA_2808;x;
2809;16;224;144;SEA_2809;x;
2810;112;192;96;SEA_2810;x;
2811;0;80;16;SEA_2811;x;
2812;240;240;192;SEA_2812;x;
2813;0;224;32;SEA_2813;x;
2814;48;48;176;SEA_2814;x;
2815;160;128;64;SEA_2815;x;
2816;240;176;208;SEA_2816;x;
2817;240;144;144;SEA_2817;x;
2818;160;0;208;SEA_2818;x;
2819;192;192;32;SEA_2819;x;
2820;64;224;32;SEA_2820;x;
2821;128;0;240;SEA_2821;x;
2822;208;208;192;SEA_2822;x;
2823;192;176;48;SEA_2823;x;
2824;224;128;240;SEA_2824;x;
2825;160;0;144;SEA_2825;x;
2826;192;64;128;SEA_2826;x;
2827;144;16;96;SEA_2827;x;
2828;64;112;32;SEA_2828;x;
2829;64;144;144;SEA_2829;x;
2830;192;192;112;SEA_2830;x;
2831;32;144;32;SEA_2831;x;
2832;16;208;48;SEA_2832;x;
2833;224;32;96;SEA_2833;x;
2834;176;144;160;SEA_2834;x;
2835;240;128;208;SEA_2835;x;
2836;48;144;64;SEA_2836;x;
2837;0;176;176;SEA_2837;x;
2838;0;0;144;SEA_2838;x;
2839;80;0;112;SEA_2839;x;
2840;48;128;224;SEA_2840;x;
2841;224;176;208;SEA_2841;x;
2842;80;80;64;SEA_2842;x;
2843;224;240;192;SEA_2843;x;
2844;128;224;16;SEA_2844;x;
2845;112;0;0;SEA_2845;x;
2846;64;208;128;SEA_2846;x;
2847;144;16;208;SEA_2847;x;
2848;16;224;240;SEA_2848;x;
2849;80;112;160;SEA_2849;x;
2850;144;32;240;SEA_2850;x;
2851;32;0;224;SEA_2851;x;
2852;240;64;0;SEA_2852;x;
2853;176;16;0;SEA_2853;x;
2854;192;240;0;SEA_2854;x;
2855;64;240;80;SEA_2855;x;
2856;160;208;48;SEA_2856;x;
2857;112;224;128;SEA_2857;x;
2858;176;192;80;SEA_2858;x;
2859;112;240;224;SEA_2859;x;
2860;192;0;176;SEA_2860;x;
2861;32;240;192;SEA_2861;x;
2862;144;176;192;SEA_2862;x;
2863;160;208;64;SEA_2863;x;
2864;240;176;224;SEA_2864;x;
2865;32;176;224;SEA_2865;x;
2866;240;48;208;SEA_2866;x;
2867;144;96;64;SEA_2867;x;
2868;0;192;144;SEA_2868;x;
2869;96;96;176;SEA_2869;x;
2870;176;0;128;SEA_2870;x;
2871;96;224;208;SEA_2871;x;
